Maidie_Norman,8
Satish_Chandra_Mukherjee,8
Coluche,5
Gary_Numan,2
Frederick_Kitaka,10
Igbekele_Amos_Ajibefun,5
Olubunmi_Olateru-Olagbegi,5
Shahabuddin_Nagari,7
Mitchell_Higginbotham,5
Erik_Rhodes_(pornographic_actor),9
Norma_Talmadge,8
John_C._Tyson_(librarian),4
Harry_E._Sloan,4
Philip_Odera,7
Zo_d'Axa,5
Anna_Politkovskaya,8
Sia_Koroma,14
Bicky_Chakraborty,9
Chuck_Smith_(pastor),8
Frances_Bay,8
Joseph_Adebayo_Adelakun,6
Paul_Daniels,8
Allan_Carr,7
Zac_Sunderland,7
Reynaldo_Rey,6
Ali_Mazrui,11
Mutty_Lall_Seal,6
Anita_Lobel,6
Henry_Fonda,15
David_Lloyd_George,14
Barry_Took,4
Jade_Goody,9
Debi_Prasanna_Pattanayak,10
Gottlob_Frege,7
James_Madison_Bell,7
Graeme_Garden,4
Chilakamarti_Lakshmi_Narasimham,5
Dell_Hymes,3
Aaron_Copland,3
Sacagawea,13
Edd_Gould,6
Charles_Badham,3
Edward_Teller,5
Emma_of_Normandy,8
Clive_Dunn,10
Jack_Kevorkian,7
Leon_Godchaux,5
Aristid_Lindenmayer,3
Linda_Le,5
Dannii_Minogue,4
Kamala_Saikhom,9
Harald_Bluetooth,7
Cliff_Richards,2
Georg_Ohm,8
Mike_Wallace,10
Ahmed_Shafik_(sexologist),5
Gero_von_Wilpert,3
Ingela_Agardh,4
Benny_Binion,10
Katherine_Sarafian,5
Hosni_Mubarak,11
Jack_Kapp,6
Catherine_I_of_Russia,5
Polly_Bemis,5
Erich_Honecker,9
Cyril_Shroff,6
Erich_von_Drygalski,2
Cherukad,7
Ashley_Judd,5
Mahmut_Muhiti,8
"George_E._Waring,_Jr.",6
Raimundo_Correia,6
Maria_Kang,7
David_Swift_(director),7
Ashapoorna_Devi,5
Olive_Yang,6
Elsie_Paroubek,10
Poppa_Neutrino,10
Apollos_Okwuchi_Nwauwa,6
Franco_Maria_Malfatti,4
Emil_von_Behring,5
Hans_von_Bodeck,2
Bonnie_Nettles,7
Theda_Bara,9
Vinita_Nair,7
Adlai_Stevenson_II,8
Henry_Louis_Vivian_Derozio,8
Gerald_of_Wales,7
Masud_Husain_Khan,6
Abu_Aiah_Koroma,13
Francisco_Franco,11
Mike_Nesbitt,9
Alex_Cox,2
Johnny_Adair,8
Shinji_Maki,6
Kenneth_Pasternak,6
"Frederick_Hervey,_4th_Earl_of_Bristol",18
John_Forsythe,7
Andrews_Otutu_Obaseki,5
Chester_W._Nimitz,3
Thomas_Forsyth_(Indian_agent),10
Krishna_Kumar_Mitra,5
Robert_Wadlow,7
Gerry_Adams,4
Anthony_Burgess,9
Christopher_Tolkien,4
Indra_Bania,7
Christopher_Wren,8
Chetan_Bhagat,5
Joe_E._Lewis,6
Stuart_Wagstaff,9
James_Green_(historian),8
Bret_Stephens,7
David_Eddings,6
Siddharth_Katragadda,8
Mary_Dyer,10
Tim_Kang,7
Bix_Beiderbecke,4
Arthur_Evans,6
Ella_Fitzgerald,5
Serajuddin_Hossain,8
Witold_Gerutto,3
Pee_Wee_Kirkland,5
Clark_Gable,10
Dafydd_ap_Gwilym,2
Eadred,7
Earl_Dodge,5
Daniel_Schultz,3
Barry_White,4
Jiiva,9
Aurelian,4
George_Ralphs,6
Maria_Campbell,4
Geraldine_Ssali_Busuulwa,9
Gerard_van_Velde,3
Jerome_Robbins,5
Catherine_de'_Medici,8
Bimbo_Oshin,5
Martin_Drito,7
Edward_Jayakody,6
Abby_Mann,7
Henry_John_Stephen_Smith,7
Mel_Rosenberg,7
Ajit_Cour,4
Anna_of_Russia,6
Goldie,6
Candi_Kubeck,10
Basharat_Peer,8
Daggubati_Suresh_Babu,10
Greg_Bear,3
Lorenzo_Fertitta,7
"Frederick_Christian,_Elector_of_Saxony",8
Dustin_Hoffman,6
Graciliano_Ramos,5
Jackson_Burns,4
Samuel_Khachikian,9
Murder_of_Amy_Mihaljevic,8
Femi_Adebayo,5
Bal_Gangadhar_Tilak,10
Barry_Horne,5
George_V,8
Gia_Carangi,7
Hidesaburo_Hanafusa,7
Charles_Yerkes,3
Samuel_Glazer,9
Lateef_Akinola_Salako,5
Hildegard_Knef,5
Aldo_Rossi,6
Angela_D'Audney,6
Mamoni_Raisom_Goswami,7
Edith_Cavell,10
Ludwig_Donath,5
Curtly_Ambrose,3
John_Maviiri,9
Glenn_Hughes,4
F._W._de_Klerk,11
Bert_Thomas,8
Ian_Paisley,12
Brooke_E._Sheldon,8
Catherine_Deneuve,8
Ahuti_Prasad,10
Richard_Hooker_(author),7
Ashley_Hames,6
Frank_Whittle,4
Rupert_Brooke,6
Neva_Gerber,5
Martina_Cole,5
Prasad_V._Potluri,9
Bayo_Adebowale,5
Elie_Wiesel,8
Shibram_Chakraborty,8
Shelly_Novack,7
Eddie_Little_Sky,8
Olena_Kravatska,2
George_Sand,7
Joe_Lhota,9
Geoffrey_of_Monmouth,5
Anatole_Broyard,8
John_Spencer_(actor),7
Virginia_Kyle_Campbell,7
Suniti_Kumar_Chatterji,11
Moji_Afolayan,7
Marshall_Berman,10
Marion_Mack,7
Francis_Greenway,8
Ron_Dwight,6
Bola_Are,5
Sybil_Wettasinghe,6
Nalin_de_Silva,6
Burl_Ives,6
Caracalla,5
Abenao_Elangbam,7
Jean_Seberg,9
Ephraim_Kamuntu,10
Amanda_Oleander,4
Krishna_Udayasankar,4
Fish_(singer),3
Nubar_Gulbenkian,5
Renata_Ceribelli,4
Henry_Clay,13
Nargis_Fakhri,6
John_Rollin_Ridge,7
Ned_Hanlan,9
Veena_Malik,8
Rupert_Crosse,9
Watse_Cuperus,5
Cameron_Diaz,4
Kotayya_Pratyagatma,9
Aram_Haigaz,6
Cliff_Edwards,8
Spencer_Darwin_Pettis,6
Alan_Bates,8
Suicide_of_Kelly_Yeomans,5
Spanish_Louie,9
Cesare_Zavattini,5
Puttaparthi_Narayanacharyulu,8
David_Fabricius,3
Simon_Dee,5
Russ_Meyer,9
Sara_Paretsky,4
Etty_Hillesum,6
Devdas_Gandhi,12
Haskell_Curry,4
Andrzej_Wajda,6
Franz_Joseph_I_of_Austria,9
Sola_Asedeko,5
Serginho_Groisman,5
Rebekah_Gibbs,5
Bansi_Chandragupta,8
George_Seldes,7
Hans_Schmidt_(Waffen-SS),4
Polly_Adler,4
Fred_Korematsu,11
Susan_Rasky,6
Clarence_Nash,6
Abibatu_Mogaji,5
Lorilee_Craker,4
Abimbola_Fashola,7
Larry_Itliong,6
Pedro_Bandeira,4
L'Wren_Scott,8
Aneta_Corsaut,8
Shahram_Amiri,8
Raj_Chakraborty,9
Xu_Zechen,5
George_Joseph_(West_Virginia),5
Charles_Olweny,9
Heinrich_Zschokke,3
Sun_Weishi,10
Charles_Godakumbura,7
Syed_Ahmed_(businessman),7
Carlos_Magdaluyo,6
Mike_Minor_(actor),9
Leonard_Hurst,6
Richard_Crasta,4
Huccha_Venkat,7
George_Marshall,6
Stuart_Robert_Glass,5
Francisco_Pizarro,8
Anatoliy_Abdula,2
Charles_Enderlin,4
Muhammad_Mojlum_Khan,7
Yash_Chopra,13
Joy_Davidman,7
Mike_Adenuga,11
Guy_Williams_(actor),7
Jeannette_Kagame,9
Sameer_Yasir,5
Anders_Hejlsberg,3
Pritam_Singh_Safir,5
Foad_Mostafa_Soltani,4
Leo_Frank,7
Charles_Rennie_Mackintosh,6
Emperor_Go-Daigo,4
Olive_Thomas,7
V._J._P._Saldanha,8
Jimmy_Donegan,8
John_Gilbert_(actor),6
Ibrahim_Shihata,10
Joan_Kagezi,12
Ghulam_Muhammad_Qasir,11
Bonium_Thokchom,9
Henry_Moskowitz_(real_estate_investor),6
Larry_Stephens,5
Carlo_Rubbia,5
Lawrence_Kohlberg,6
Hieronymus_Bosch,7
Murder_of_Marwa_El-Sherbini,5
Martin_Agronsky,6
Cass_Gilbert,4
Ganesh_Prasad,10
William_Modell,5
Arcangelo_Corelli,3
Frank_Gehry,3
Herbert_Putnam,8
Alan_Henning,6
Jane_Thurgood-Dove,5
Carter_Harrison_Sr.,8
Shaista_Aziz,6
Francesco_Foscari,3
Peter_Falk,11
Jean-Paul_Elkann,14
Pratibha_Ray,6
Arnold_Bennett,6
Benny_Goodman,3
Husna_Ahmad,10
Cliff_Richard,4
Linda_J._Wachner,4
Abraham_Zapruder,7
Gilbert_Delahaye,3
Fazle_Hasan_Abed,13
Veena_Nair,5
Pearl_White,7
Lois_K._Miller,6
Edward_Kern,9
Edna_Kramer,6
Constance_Ellis,8
David_Jason,2
"Christina,_Queen_of_Sweden",6
Fazil_Iskander,9
Gunapala_Piyasena_Malalasekera,8
Brian_Keith,7
Gerhard_Bronner,6
Omafume_Onoge,5
Glenn_Close,8
Jean_Clemens,7
Zhang_Lifan,8
Ambrosius_Holbein,5
Eugene_McCarthy,10
Quett_Masire,7
Anton_Cermak,7
Gavin_Bishop,5
David_Rose_(real_estate_developer),5
Sitor_Situmorang,8
Taraki_Sivaram,7
Esther_Ralston,6
Francesco_Boffo,3
Jerry_Heller,6
Francisco_Lachowski,8
Joe_Alaskey,6
Malcolm_Sayer,5
Hirmis_Aboona,8
Francesco_Zuccarelli,3
Mike_Royko,9
Allen_G._Thurman,6
Charles_M._Schulz,3
Alfred_Watkins,4
Christopher_Landsea,5
Cary_Grant,3
Grace_McKenzie,3
Herbie_Hancock,4
Akiko_Yano,2
Vincent_Price,14
A._C._Bhaktivedanta_Swami_Prabhupada,10
Murali_Chemuturi,6
William_Henry_Harvey,9
Freddie_Mercury,10
Diana_Wynne_Jones,4
Stuart_Rose,4
Nirmal_Kumar_Bose,7
Ayo_Adesanya,5
Hamom_Sadananda,7
William_L._Carpenter,6
Bob_Kahn,7
Frederick_Seitz,10
Cynthia_Ozick,5
Doris_Roberts,8
Andie_MacDowell,4
Murder_of_Khaled_Idris_Bahray,7
Paul_Marquess,5
Hubert_Humphrey,10
Evelyn_Anite,9
Colin_Turnbull,3
William_Duesbury,7
Suicide_of_Dawn-Marie_Wesley,7
Bill_Cardille,5
Herman_Ssewanyana,6
Viola_Herms_Drath,5
Anwar_Sadat,9
Sudeep_Nagarkar,7
Abdul_Hamid_Bahij,7
Somendro,5
Herman_Husband,9
Wendy_Richard,7
Elias_Magnus_Fries,3
Zheng_Cao,8
Seo_Hajin,4
Norbert_Mao,10
Jakub_Kagan,5
Shirshendu_Mukhopadhyay,7
Funmi_Aragbaye,5
Sextus_Barbour,10
Mary_Jo_Kopechne,8
Lee_Matasi,9
Dicaearchus,2
Steve_Irwin,9
Claudia_Burton_Bradley,8
Gian_Galeazzo_Visconti,7
Emperor_Go-Reizei,3
George_VI,7
Domenico_Cimarosa,3
Emmanuel_Tumusiime-Mutebile,12
Simon_Ejua,10
Aaron_Fa'aoso,7
Eric_Corley,4
Dominic_Ongwen,5
Menaye_Donkor,11
Dejumo_Lewis,5
Gustav_Holst,3
Femi_Robinson,7
Samir_Brikho,5
Tabassum_Akhlaq,6
Mat_Johnson,8
Howard_Lorber,5
Alexander_Chee,4
Subrat_Kumar_Prusty,8
Saroj_Ghose,5
Percy_Williams_Bridgman,6
Adam_Kilgarriff,11
Dave_Cutler,2
Carlo_Fonseka,9
Daniel_Chodowiecki,2
Montazur_Rahman_Akbar,9
Priya_Munasinghe,6
Ahmed_Tijjani_Mora,7
John-Roger_Hinkins,8
Morley_Safer,6
August_Weismann,5
Richard_LeFrak,7
Stephen_Decatur_Carpenter,10
"Albrecht_III_Achilles,_Elector_of_Brandenburg",7
Clare_Martin,3
Clint_Eastwood,8
Agnes_Dollan,7
Daniel_Bernoulli,9
Harold_Washington,9
Willi_Ninja,5
Catherine_the_Great,10
Axel_Oxenstierna,8
Al_Mahmud,4
Cyprian_Kizito_Lwanga,7
Larry_Hurtado,2
Cyprian,2
Kyaw_Min_Yu,5
Tung-Yen_Lin,10
Eunice_Kennedy_Shriver,15
Chris_Kirubi,6
Amos_Tutuola,5
Edward_William_Brayley,4
Gordon_Stulberg,6
Harry_Crane,6
Astrid_Lindgren,3
Harold_Snyder,4
Adrien-Marie_Legendre,6
Alberto_de_Oliveira,8
George_Farquhar,4
Michael_Jenkins_Moynihan,8
Carl_B._Squier,8
John_S._Folk,5
William_G._Farrow,6
Gloria_Bamiloye,6
Tanveer_Abbasi,5
Chrysippus,3
LZ_Granderson,8
Amedeo_Avogadro,5
Haile_Selassie,8
Dolkun_Isa,4
Frederic_W._Galbraith,10
Stephen_C._Apostolof,7
Andy_Kaufman,5
Steven_Lowy,5
Charlie_Parker,4
Jagannath_Prasad_Das,7
Monica_Aksamit,3
Tess_Mallos,5
Robert_Taylor_(actor),11
Hector_Berlioz,2
Gwen_Verdon,6
Anne_Boleyn,10
William_S._Kalema,7
Barbara_Meek,6
Thomas_S._Steers,7
Jenette_Goldstein,5
Enrico_Berlinguer,6
Gustav_I_of_Sweden,10
Harold_Harefoot,5
Raul_Pompeia,8
Bruce_Schneier,5
George_Boole,5
Jamie_Kellner,4
Ralph_Alabi,6
Mary_Martin,7
Eddie_%22Rochester%22_Anderson,6
Don_Simpson,8
Saladin_Ahmed,11
Arvind_Ghosh,6
Douglas_Wilson_(activist),7
Raashi_Khanna,10
G._David_Schine,8
John_Cassavetes,12
Sonali_Chowdhury,6
Hans_von_Kulmbach,3
Elizabeth_Woodville,9
Deborah_Digges,8
Kushal_Konwar,8
Orlando_Letelier,8
"Anne,_Queen_of_Great_Britain",8
Felix_Dzerzhinsky,9
Levi_Karuhanga,13
Costantino_Nivola,3
Geraldine_Doyle,5
Senteza_Kajubi,14
Seka,5
John_Cobb_(racing_driver),6
David_Kossoff,7
Stephen_Babcock_(lawyer),9
Christopher_Lambert,4
Dennis_E._Fitch,7
Louise_Brooks,6
Marie_Prevost,11
Tsutomu_Adachi,6
Henry_Mancini,6
Sreekumari_Ramachandran,7
Lalit_Bhusal,4
Mayur_Madhvani,7
Prunella_Ransome,6
Sunday_Omobolanle,6
Eric_Heiden,3
Galarrwuy_Yunupingu,6
Benjamin_Spock,6
Fiona_Apple,3
Gokul_Athokpam,9
Rebati_Mohan_Dutta_Choudhury,10
Tallulah_Bankhead,8
Dayananda_Saraswati,4
J._P._Morgan_Jr.,10
Gbenro_Ajibade,9
Hayley_Okines,6
Edward_Everett_Cox,6
Caroline_of_Ansbach,10
Felix_Klein,6
Tom_Burnett,8
George_IV_of_the_United_Kingdom,8
Walter_Clarence_Thornton,7
Hashem_Shabani,5
Joseph_Isherwood,5
Tade_Ogidan,5
Vanity_(singer),7
Arthur_Gamgee,9
A._Bartlett_Giamatti,12
Frank_Tinney,6
Andrew_Bobola,8
Ewald_Hering,7
Venansius_Baryamureeba,11
Ustad_Bukhari,7
Dedrick_D._Gobert,7
Hrithik_Roshan,5
John_Colter,11
James_Mwangi,7
Ike_Odimegwu,5
Carl_Philipp_Emanuel_Bach,3
Frank_Zamboni,8
Faustina_Agolley,4
Heike_Kamerlingh_Onnes,7
Susan_Peretz,8
Blanche_Cobb,8
Paul_Laurence_Dunbar,6
Tanish,4
Kitty_Carlisle,11
Abe_Pollin,6
Elizabeth_Taylor,19
Tina_Chow,9
Sara_Forbes_Bonetta,13
Audrey_Hepburn,6
Conrad_Richter,8
Pierre_Lafitte_Ithurralde,7
Naushad_Merali,5
Samina_Raja,8
Fateh_Singh_(Sikh_leader),7
John_Ridge,6
Marlon_Brando,14
Leonard_N._Stern,6
Wayland_Flowers,6
Amar_Mitra_(writer),12
Henry_Morton_Stanley,7
Gordon_Briscoe,5
Jack_Mapanje,6
Jennifer_Paterson,8
Neville_Brand,6
Freddy_Soto,6
Carol_Chomsky,8
Chuck_Berry,3
"Robert_Bowne_Minturn,_Jr.",9
Bob_Dole,8
Yengkhom_Roma,9
Martin_Wickramasinghe,8
Jean_Simmons,10
Amos_Chapman,5
Prescott_Bush,12
M._Sayeedur_Rahman_Khan,6
Federico_Zuccari,3
Satyajit_Das,6
Charles_Rolls,6
Leonard_Collard,6
Stephen_M._Ross,11
Giuseppe_Mazzini,4
Daryl_Homer,3
Thora_Hird,9
Bolaji_Amusan,5
Dean_Phoenix,5
Edward_Worthington,15
John_Woodroffe,7
Gombojab_Tsybikov,8
Kado_Muir,4
Joseph_Kony,5
Ernest_Eldridge,5
Victor_Davis_Hanson,4
Kwame_Kwei-Armah,4
Gerard_Kuiper,11
Arjun_Bijlani,6
Alice_Miller_(psychologist),3
Cole_Porter,3
Betty_Marsden,7
Soma_Edirisinghe,6
Bazabeel_Norman,4
David_Angell,9
Richard_Kiel,7
Peter_Munga,5
Henry_Dunant,6
Marshall_S._Cornwell,8
Harriet_Tubman,6
Bacchylides,2
Chattampi_Swamikal,8
Dickie_Minyintiri,5
Stephen_Ward,9
Joanita_Kawalya,4
Kazbek_Pagiyev,7
Pat_Roach,8
Birendra_Krishna_Bhadra,7
Howard_Florey,7
Gazi_Nafis_Ahmed,5
Coen_de_Koning,5
Edith_Stein,6
Adrienne_Corri,7
R._G._Surdam,6
Hedd_Wyn,8
Vir_Singh_(writer),8
Park_Jaesam,4
Gillian_Anderson,7
Anselme_Payen,3
Oliver_Cromwell,17
Akin_Lewis,5
Anita_Page,9
Anatoli_Kamugisha,7
Daniel_Parke_Custis,10
Timothy_Evans,8
Steve_Jobs,9
John_Reed_(journalist),8
Cnut_the_Great,9
Fredric_Brown,4
Carl_Orff,3
"George_Plantagenet,_1st_Duke_of_Clarence",8
Kendra_Norman-Bellamy,5
Edward_Witten,10
Janet_Margolin,8
Inglis_Gundry,5
Margaret_John,8
Eric_Williams,8
Lecretia_Seales,5
Anurag_Basu,6
Samuel_Keimer,5
Vojo_Kushi,4
Michael_Ansara,14
Kenneth_Feld,5
Edward_Sedgwick,7
Louis_Buchalter,7
Gerhard_Armauer_Hansen,3
Gaetano_Donizetti,3
Suleiman_Mousa,7
Margaret_Alison_Telfer,7
Anshu_Jain,7
Harry_Morgan,8
John_Marshall_(surgeon),12
Henri_Labrouste,4
Joanna_Moore,11
Sheena_Bora_murder_case,8
Aarti_Chhabria,4
Diosdado_Cabello,5
Adewale_Tinubu,5
Alice_Rich_Northrop,8
Vidyapati,8
Alfred_Rosenberg,9
Sriya_Reddy,8
Alyson_Hannigan,6
M._N._Roy,10
Babe_Paley,11
Fakhruddin_Sajid,6
John_Wilkinson_(industrialist),8
Edward_Oldcorne,8
James_Mugira,5
Grey_Owl,9
Aaron_Burr,10
Robert_H._Schuller,9
Hajra_Masroor,6
Duke_Ellington,4
Tiffany_Million,5
Golam_Mostofa_(poet),7
Aatreya_(playwright),7
John_Ddumba_Ssentamu,11
Death_of_Latasha_Harlins,8
Barack_Obama_Sr.,12
George_Lindemann,6
Domingos_Caldas_Barbosa,9
Sidney_Lumet,19
Michael_Jaharis,8
John_Finnegan_(actor),5
Jeremy_Glick,8
David_Malone_(independent_filmmaker),7
Khadija_Mastoor,4
Richard_Roberts_(pharmaceutical_executive),6
Christine_McVie,6
Nanubhai_Vakil,9
Mildred_D._Taylor,6
Brendan_Fraser,6
Anthony_Clare,6
Thomas_Tjapaltjarri,8
Madhav_Kashinath_Deshpande,4
Leslie_Nielsen,8
Madhukar_Keche,5
Emilio_Lussu,12
Shesh_Ghale,9
David_Haines_(aid_worker),8
Thomas_Eric_Duncan,6
Bernhard_Riemann,6
Lana_Clarkson,6
Benjamin_Netanyahu,10
Dudley_Moore,8
Georges_Agabekov,6
August_Strindberg,8
Mardhiah_Hashemi,5
Buster_Keaton,7
Wole_Soyinka,5
Prescott_F._Hall,8
Elijah_Mushemeza,6
Tom_Graeff,6
Nor_Sanavongsay,4
Michael_Wayne,8
Eileen_Heckart,3
David_Foster_Wallace,6
John_Wright_(doctor),6
Hermann_von_Helmholtz,5
Gabriele_D'Annunzio,7
Bill_Viola,5
Sam_Chu_Lin,6
Nadifa_Mohamed,6
Han_van_Meegeren,7
M._P._Shiel,7
Betty_Nambooze,11
Rav_Wilding,5
Phil_Harris,8
Panchi_Bora,4
Hernando_Casanova,7
Juliana_Alves,6
Robert_Wilson_Lynd,5
Andrew_Sayers,7
Henry_Bessemer,4
Saikat_Ahamed,7
Thomas_Sinclair_(politician),9
Gelimer,3
Prem_Nazir,10
Ernest_Hollings,7
Efrem_Zimbalist_Jr.,10
Cliff_Viner,6
Henri_Becquerel,6
Chelsea_Charms,5
Ava_Gardner,11
Minna_Planer,7
C.J._Wright,4
Letitia_MacTavish_Hargrave,8
Don_Siegel,8
Birsa_Munda,6
David_Blaine,3
Charles_Macintosh,4
Seneka_Bibile,10
Stanley_Clarke_(businessman),10
Anton_Bruckner,3
Win_Ng,7
Luke_Askew,5
Antipater_of_Sidon,2
Edward_Albee,5
Chaz_Bono,7
Rod_Coronado,6
Titia_Brongersma,7
Gwyneth_Paltrow,4
Benoy_Basu,13
Fred_Ohebshalom,7
Helen_Kelly_(trade_unionist),6
Robert_Stevens_(photo_editor),7
Dan_Aykroyd,4
M._K._Sanu,5
Khalid_Iqbal_Yasir,5
Bob_DeLaney,6
Tikkana,6
"Tremayne_Rodd,_3rd_Baron_Rennell",4
Kerri_Kasem,5
Charles_K._Kao,7
Francis_Galton,8
Martin_Indyk,7
Elizabeth_Cady_Stanton,8
Alice_Walker,4
Aremu_Afolayan,8
Danny_Mountain,7
Merlin_Santana,7
Frei_Tito,7
Sam_Otada,9
Eugenie_Clark,9
Ernest_Jones,6
Jay_Sebring,6
Murder_of_Martha_Moxley,5
"Charles_Gratiot,_Sr.",7
Mildred_Natwick,8
Robert_Ikoja-Odongo,11
Assata_Shakur,4
Jan_Hilgers,8
Georgy_Zhukov,9
Gregory_Hemingway,11
Hassan_Poladi,5
Don_S._Davis,8
Edmund_Gwenn,8
Freddie_Prinze,7
Frank_Overton,10
Omar_Sharif,12
Dwijendranath_Tagore,9
Anmanari_Brown,6
Dayo_Amusa,4
Margaret_Sullavan,9
Sylvia_Tamale,8
Astor_Piazzolla,5
Irene_Ryan,7
Anthony_Fokker,9
B._Gopal,6
Sophiya_Haque,6
Roy_Scheider,9
Antonie_van_Leeuwenhoek,5
Belle_Knox,5
Mazisi_Kunene,5
Giovanni_Falcone,8
Vaughn_Meader,5
Renato_Dulbecco,10
Randy_Pausch,8
Timothy_Oluwole_Obadare,5
Faisal_Islam,10
Rudy_Wiebe,4
Michael_Redgrave,12
Richard_Tompkins,7
Gavinus,3
Elizabeth_Gaskell,7
Henry_Shrapnel,4
Dick_Bruna,4
James_Alan_McPherson,6
Al_Pacino,5
Bob_Black,3
Janet_Liang,13
Henry_Hudson,4
Elizabeth_Bates,7
Clemens_August_of_Bavaria,3
Brian_May,3
Demosthenes,5
Rosamond_Pinchot,7
Nihal_Seneviratne,9
Rosita_Baltazar,6
Katherine_Dunn,6
Carl_Woese,7
Avijit_Roy,8
David_Jones_(artist-poet),5
Khabirat_Kafidipe,5
Henri_Estienne,3
Amos_Nzeyi,8
Coluccio_Salutati,3
Henry_Ernest_Searle,9
Myron_Selznick,7
Humayun_Ahmed,12
Frans_Hals,6
Arnold_Manoff,9
Virginia_Clinton_Kelley,8
Giovan_Francesco_Buonamici,3
John_Cole_(journalist),6
Robert_Hilferty,9
David_Gauthier,4
Kenneth_Choi,6
Bessie_Smith,3
Betty_Grable,10
Gordon_Zahn,9
Giichi_Nomura,5
Cecil_B._DeMille,16
Georg_Maria_Stenz,5
Gene_Wilder,8
Mum_Shirl,7
Sophia_Latjuba,7
Yinka_Ayefele,4
David_Arkenstone,3
Rasiah_Ranjith_Leon,7
John_Ashley_(actor),8
Tony_Cozier,7
Tomson_Highway,5
Mary_Dilys_Glynne,7
Pamela_Mbabazi,12
Sushmita_Mangshatabam,5
Dunni_Olanrewaju,5
Leema_Dhar,4
Ray_Long,5
Kamal_Kumari_Barooah,7
Benon_Biraaro,9
Maximilien_van_Haaster,3
Semra_Sezer,8
Muhammad_Changiz_Khan_Tariqui,9
Jay_Silverheels,12
Alan_Bond,10
Moses_Matovu,4
Jack_Wrather,9
Patrick_Dennis,7
Warren_Hull,7
S._F._Said,5
Donna_M._Loring,5
James_Beckwourth,8
Arthur_Quiller-Couch,10
Charles_Pierce_(female_impersonator),3
Antonio_Banderas,3
Gabriel_Opio,10
Erving_Goffman,11
Andrew_Marvell,5
Frank_Packer,9
Carlos_Menem,6
Hokusai,4
Abraham_Gancwajch,4
Ajay_Data,8
Chandra_Levy,6
John_Frederick_Parker,6
Edmond_Rostand,4
Michelle_Maykin,13
Conrad_Celtes,3
Francesco_Cilea,3
Neil_Hamilton_(actor),5
Albert_Poggio,5
Rohana_Weerasinghe,6
Patricia_Neal,11
Goldie_Hawn,7
Deborah_Bone,5
Georges_Perec,3
Homi_Maneck_Mehta,8
Mel_Blanc,10
Andreas_Vesalius,12
Lee_Harvey_Oswald,9
Gurumayum_Bonny,7
Ponty_Chadha,6
Anne_Neville,8
Johan_Heyns,6
Roshanara,7
Julius_Nyerere,11
Ted_Ashley,4
Dana_Tiger,4
Monica_Ali,7
Kiddu_Makubuya,5
Marcus_M._Spiegel,6
Bobby_Vernon,6
H._S._Doreswamy,8
Bree_O'Mara,6
Shields_Warren,8
Herman_Kasekende,6
Martino_Martini,8
Joseph_Aloysius_Durick,7
Anne_of_Cleves,8
Nikolaos_Ventouras,2
Ida_Rosenthal,8
Muppalaneni_Shiva,7
Emmanuel_Otala,7
Gary_Cooper,10
Ifti_Nasim,6
Michael_Laser,6
Hrishikesh_Pandey,10
Sally_Ride,8
Francisco_Cavalcanti_Pontes_de_Miranda,9
Antonio_Stradivari,4
Spencer_Hawken,4
Clive_Sinclair,3
Edward_Alfred_Cowper,8
Idah_Nantaba,8
Charles_Lindbergh,10
Elisha_Cook_Jr.,8
Subhas_Chandra_Bose,15
Mamidipudi_Venkatarangayya,10
Alessandro_Manzoni,5
Neil_Heywood,10
Antonio_Gramsci,7
Bruce_Nauman,5
Cybill_Shepherd,4
Edsel_Ford_Fong,6
Nathan_Cohen_(critic),8
Mel_Ming,5
Isak_Andic,5
Sandra_Annenberg,5
Carter_Harrison_Jr.,8
Keith_Black_(engineer),7
Paul_Sills,11
Tio_Ie_Soei,6
Dorothy_Lonewolf_Miller,5
Mary_Mallon,9
Eloise_Blaine_Cram,9
Sudesh_Lotlikar,6
Nabi_Bux_G._Qazi,6
George_Pal,6
Colo_(gorilla),2
Phoolan_Devi,6
Jay_Ward,7
Israel_Regardie,9
Bibhuti_Patnaik,5
Ben_Chifley,8
George_Carman,9
Marion_Davies,7
Oka_Antara,4
Henry_Scaggs,8
Douglas_Fairbanks,7
Pepper_LaBeija,7
Sava_Mrkalj,10
Mimi_Chakraborty,6
David_Boies,9
Midori_Miura,5
Henry_Ajomale,5
Sibyl_Morrison,9
Janet_Lee_Bouvier,15
Swadesh_Bose,11
Richard_Dimbleby,8
Damon_Knight,4
Adolf_Loos,5
Swapna_Patker,4
Christiaan_Huygens,8
Arun_Saha,6
Anthony_Zinni,6
Harvey_Eisenberg,9
Aik_Htun,5
Dominique_Joseph_Garat,6
Emil_Nolde,4
Natasha_Richardson,11
Benjamin_Bronfman,6
Stephen_J._Cannell,6
Daws_Butler,5
Babar_Ali_(teacher),6
Ram_Dayal_Munda,7
Leilani_Dowding,6
Rola_(model),4
Carole_Lombard,6
Harry_Randall_Truman,6
Kortney_Ryan_Ziegler,8
Georg_Major,3
Attoor_Krishna_Pisharody,5
William_S._O'Brien,5
Fauja_Singh_(Sikh_leader),6
Gadzhimurat_Kamalov,10
Girolamo_de_Rada,3
Peter_Rachman,5
Jeremiah_Twa-Twa,8
Richa_Gangopadhyay,9
Nigel_Dodds,9
Bassam_Zuamut,8
Godfrey_Reggio,3
Death_of_Kelsey_Smith-Briggs,7
Angela_Davis,5
Alice_Vickery,7
Alec_Jeffreys,5
Ian_Trethowan,10
Carl_Sandburg,8
William_E._Caswell,5
Charlton_Heston,10
Richard_Lynch,8
"Tim_Razzall,_Baron_Razzall",8
Anthony_Peck,6
Abhay_Deol,4
Catherine_of_Valois,7
Alain_Prost,3
Edward_Rugumayo,11
Susan_Sontag,7
Ilshat_Shabaev,4
Brad_Pitt,4
Shigeo_Iwanami,6
Frederick_Kayanja,8
Rafiuddin_Raz,4
Rebiya_Kadeer,6
Jennifer_Musisi,9
Michael_Shepherd_(psychiatrist),7
Madison_Grant,9
Mayadhar_Mansingh,9
Pete_Smith_(film_producer),6
Dylan_Lauren,8
Sandipan_Chattopadhyay,9
Rene_Kulitja,7
Cecile_Pineda,5
Juliana_Kanyomozi,6
Neale_Donald_Walsch,5
Gerald_Ssendaula,8
Bill_Finnegan,7
Ralph_Nader,7
Friede_Springer,6
Jacob_Orgen,10
Paul_Patterson_(neuroscientist),9
Ali_Dilem,6
Daggubati_Venkatesh,10
Nicholas_Browne,6
Roger_Miller,6
Ranipadmini,4
Adalbert_of_Magdeburg,9
Allan_Pinkerton,4
Hernando_de_Soto,12
Kamalika_Banerjee,4
Pinki_Virani,6
Albert_Saijo,8
Howard_K._Smith,5
Chandravadan_Mehta,5
Albert_Finney,5
Mary_Nolan,6
Gary_Coleman,5
Alice_Rohe,6
"Godwin,_Earl_of_Wessex",6
Gil_Stratton,9
Charles_Erskine_Scott_Wood,8
Ronald_Kibuule,8
Arizona_Fleming,4
Olu_Aboderin,5
Norman_G._Baker,6
Der_Nister,8
Basanta_Choudhury,4
Gaston_Calmette,7
Abraham_de_Moivre,6
Frederic_W._H._Myers,3
Kenji_Goto,9
Shaaban_bin_Robert,8
Bonny_Hicks,7
Enoch_Powell,10
Avika_Gor,4
Fathia_Balogun,6
Gerhard_Gentzen,5
William_Moulton_Marston,6
Kayode_Eso,5
George_S._Patton,3
John_Kanzius,8
Perez_Ahabwe,7
Ian_Reisner,6
Gedeon_Burkhard,3
Anne_Desclos,5
Aydar_Akhatov,14
Georg_Hackl,6
Sandra_Zober,10
Aubrey_McClendon,8
Margaret_Mary_Ray,6
Eva_and_Abraham_Beem,7
Mark_Mathabane,8
Kenneth_Tynan,8
Bola_Odeleke,5
Georg_Forster,5
Robert_Todd_Carroll,5
Lem_Billings,9
Howard_P._Savage,8
Kavya_Shetty,5
Irene_Koki_Mutungi,8
Omotola_Jalade_Ekeinde,8
James_Brown,6
Andrea_Heinemann_Simon,11
Carmen_Miranda,5
Oodgeroo_Noonuccal,9
Samantha_Ruth_Prabhu,11
Afeez_Oyetoro,4
Nakibus_Lakara,6
Jon_Elia,8
Frederic_M._Halford,6
Dermot_Morgan,7
Dave_Berg_(cartoonist),6
Gamal_Abdel_Nasser,9
Malcolm_Knowles,9
Mary_Fickett,7
Tissa_Devendra,11
Funsho_Adeolu,5
Pieter_de_Graeff,11
Luise_Rainer,9
Slavko_Goldstein,5
Hermann_Zapf,6
Arion,2
Joe_Medicine_Crow,7
Georg_Joachim_Rheticus,5
Song_Zuying,5
Gene_Tierney,7
Al_Stump,6
Jenna_Presley,6
Jessica_Eriyo,7
Harischandra_Wijayatunga,6
Irving_Thalberg,8
Perry_DeAngelis,6
Dizzy_Gillespie,3
Peter_Boyle,7
Cheryl_Cosim,7
Kirunda_Kivejinja,6
Rosey_Rowswell,5
Fred_Gwynne,7
A._B._Yehoshua,6
Averroes,6
Julie_Etchingham,5
Harry_Turtledove,5
Alison_Des_Forges,6
Amy_Fisher,5
Hemanta_Kumar_Sarkar,8
Martin_Selig,5
Naga_Shourya,7
Buddy_Bolden,4
Bruce_Lee,7
Gary_Condit,6
Armand_Hammer,8
Shamim_Azad,8
Giovanni_Pacini,3
Jenny_Weleminsky,10
Hubert_Languet,3
Jaume_Sanllorente,5
Jagadish_Gupta,10
Mona_Simpson,5
Jiroemon_Kimura,7
Alfred_Kinsey,8
Paulette_Goddard,11
Ann_T._Bowling,7
Gregory_Benford,3
Marianne_Williamson,6
Frank_Robinson,2
Amadeus_William_Grabau,8
Nica_Noelle,6
Philip_Terzian,7
Antonio_Deinde_Fernandez,5
Mel_Karmazin,10
Charles_Kushner,7
Ludwik_Gross,6
Modjeska_Monteith_Simkins,7
Cicero_Hunt_Lewis,6
Arthur_Miller_(cinematographer),6
Hector_Burton,6
Thomas_R._Marshall,8
Pulya_Taylor,6
Ezra_Pound,3
Hari_Kunzru,7
James_H._Nicholson,6
Rita_Pitka_Blumenstein,6
Rebecca_Kadaga,11
Bob_Keeshan,5
James_Wapakhabulo,11
Edmond_O'Brien,9
Francis_Pangilinan,11
George_McElroy_(journalist),12
Georgette_Bauerdorf,6
Edmund_Ironside,3
Lynn_Vincent,5
Lee_Rich,10
Diana_Barnato_Walker,7
William_Henry_Aspinwall,5
Andrew_Thomas_DelGiorno,5
Azim_Premji,11
Barbara_Pym,3
Anil_Ambani,11
Jay_Chandrasekhar,6
Johannes_Holzmann,8
Sally_Dynevor,6
Horace_Stevens,5
Lima_Barreto,5
David_Niven,8
Barry_Jenner,8
Simon_Evans_(writer),6
Bo_Hansson,5
Marvin_Mirisch,7
James_Parkinson,7
Akkineni_Nagarjuna,14
Chioma_Okoye,7
Zachary_Fisher,8
Nahida_Nakad,4
Susan_Hayward,9
Gus_Hall,13
Sampson_Gamgee,7
Charles_Perkins_(Aboriginal_activist),13
Henry_Bergh,3
Andrew_Sarris,8
Hans_Keilson,6
Ned_Sherrin,5
Robert_Laxalt,5
Albrecht_Giese,1
Girolamo_Savonarola,5
Yoon_Ha_Lee,4
Harunur_Rashed,7
Mian_Amer_Mahmood,7
Joyce_Carol_Thomas,7
Lisa_Aziz,7
George_Michael,3
David_Gottesman,6
Lain_Singh_Bangdel,7
Ronke_Ojo,6
Gary_Becker,6
Ella_Christie,7
Jonathan_Nossiter,5
Clarinda_(poet),4
Harry_Enfield,4
David_Sharp_(mountaineer),7
Vikram_Chatterjee,4
Arthur_Wirtz,11
Giacomo_Leopardi,6
Minnie_Two_Shoes,7
George_W._Lee,5
Colonel_Sanders,9
Frances_Burney,4
Autherine_Lucy,8
Billy_Wilder,6
Donald_Soffer,5
Susy_Clemens,8
Jeff_Shaara,5
Prapanchan,6
Leslie_Cochran,8
Dorothy_Stratten,8
Stacy_London,7
Eve_Arden,7
Adrienne_Rich,5
David_Wayne,5
Vincent_Forrester,7
Gabriele_Dara,7
Aminul_Hoque_(writer),5
Philip_French,7
Samuel_Brady,12
Ruth_Ellis,7
Thomas_Benjamin_Frederick_Davis,6
Tony_Ray-Jones,6
Joshua_J._Cohen,10
James_Pinson_Labulo_Davies,9
Bhimaneni_Srinivasa_Rao,5
Akintola_Olufemi_Eyiwunmi,5
Emmanuel_Iwuanyanwu,5
Claudius_Gothicus,3
David_May_(merchant),6
Andreas_Ekberg,1
Riley_Steele,5
Ai-jen_Poo,6
Alan_Rickman,7
Emmanuelle_Seigner,4
Joseph_Magandaazi_Yiga,4
Daniel_H._Wilson,5
Robert_John_Kerr,9
Paulo_Cesar_Farias,7
Emilia_Contessa,8
Kim_Yong-ik,5
Johari_Abdul-Malik,8
Alberta_Williams_King,11
Dev_Anand,17
Andrew_Fastow,2
Joe_Vila,7
Kaliprasanna_Singha,8
Julia_Sawalha,10
Bernie_Winters,6
Gervasio_Antonio_de_Posadas,4
Marty_Ingels,7
Huma_Qureshi_(journalist),8
Andy_Crane,6
Alfred_Bester,5
Charles_Eliot_(landscape_architect),6
Dennis_Hopper,11
Alex_Ferguson,3
Casimir_Funk,8
Brian_Epstein,6
David_Wallechinsky,7
Shelley_Winters,9
Betty_Oyella_Bigombe,9
Victoria_Leigh_Soto,6
Mariam_Nalubega,10
Amos_Pinchot,15
Eliot_Bliss,5
Mouche_Phillips,8
Clarissa_Minnie_Thompson_Allen,4
Elsa_Cayat,7
Veronica_Lake,8
Olusegun_Olusola,6
Basil_Zaharoff,4
Denise_Richards,3
Lutpulla_Mutellip,9
Rita_Chowdhury,6
Roopa_Farooki,8
Kamran_Hakim,5
Anita_O'Day,5
Helen_J._Farabee,16
Hans_Richter_(artist),5
Claude_Ewing_Rusk,5
Stanley_Baldwin,12
Henri_Lebesgue,7
Alma_Rubens,11
Phoebe_Hearst,8
Farouk_of_Egypt,10
Alfons_Maria_Jakob,6
Larry_Drake,7
Owsley_Stanley,5
Danny_Arnold,9
Christina_Park,7
Woeser,7
Murder_of_Marion_Parker,6
Yewande_Adekoya,5
Danyon_Loader,3
Robert_Urich,9
Max_Greenberg,9
Amartya_Sen,6
Martin_Milner,8
Lere_Paimo,5
John_Ronald_Shafto_Adair,5
Pierre_Lhande,8
Ashis_Nandy,5
Antipope_Nicholas_V,3
Milton_Rackmil,6
Ayo_Fasanmi,5
Mike_Bamiloye,6
James_Munange_Ogoola,7
Hans_Janmaat,8
AllahDad_Bohyo,5
Basil_II,4
Femi_Ojo_Ade,5
George_Kirya,9
Peter_E._Haas,8
Neeru_Bajwa,5
Basant_Kumar_Birla,6
Afonso_Schmidt,5
Hinrich_Braren,4
Irene_Khan,8
Carol_II_of_Romania,10
Samuel_Sam-Sumana,12
Odunlade_Adekola,6
Helmut_Kohl,6
Banja_Tejan-Sie,11
Doris_Eaton_Travis,8
Cherie_Blair,9
Nabaneeta_Dev_Sen,9
Jason_Moss_(writer),7
Jaberi_Bidandi_Ssali,9
Alfred_Jodl,2
Briana_Provancha,2
William_Haines,5
Sarojini_Naidu,15
Sujitha,5
David_Walentas,4
Festus_Keyamo,5
Grace_O'Malley,2
Anthony_Quinn,6
Toyin_Aimakhu,5
James_Mulwana,7
Juliette_Drouet,6
Thomas_Biddle,8
David_Nelson_(actor),10
Amy_Tan,5
Marie_Jean_Philip,6
Gopichand_Malineni,4
James_Hanratty,7
Igal_Roodenko,6
Bartolomeu_Dias,4
Chioma_Toplis,5
Commodus,7
Alexander_Abramov,5
Augusto_Boal,5
Ahn_Junghyo,4
Graham_Dadds,3
Birdatta_Choudhury,6
Sol_Kerzner,7
Chris_Korda,6
Clem_Ohameze,5
Niji_Akanni,4
Kassim_Nakibinge,8
Bernardo_Bertolucci,5
David_Bale,8
Erich_Raeder,3
Jake_Bailey,6
Shyla_Stylez,5
Franz_Xaver_von_Baader,3
Egon_Schiele,5
Fabien_Barthez,2
K._W._Lee,5
Satoru_Iwata,10
Jake_Adelstein,4
Mikhail_Kalashnikov,11
Ray_Sharkey,9
Janat_Mukwaya,7
Tonino_Delli_Colli,6
Arkan,4
Alan_Shearer,3
George_III_of_the_United_Kingdom,9
Diana_Douglas,11
Arthur_Schnitzler,7
Sargon_Dadesho,4
Anuruddha_Ratwatte,10
Elly_Tumwine,6
William_Zabka,4
Zhang_Tianyi_(writer),4
Jobeda_Ali,10
Charles_Lapworth,4
Abraham_Robinson,7
Sandra_Blow,6
Mohammed_Al-Hakim,2
Daniel_Burnham,6
Ron_O'Neal,7
Desmond_Llewelyn,5
Najam_Abbasi,6
Sjumandjaja,9
John_Vernou_Bouvier_III,11
Marvin_Kratter,6
Erich_Fromm,8
Methodius_Terleckyj,4
Paoli_Dam,6
Namirembe_Bitamazire,6
George_Westinghouse,6
Singeetam_Srinivasa_Rao,8
James_H._Snook,7
Casimir_IV_Jagiellon,5
Joseph_Barry_(real_estate_developer),5
Juan_Trippe,8
Burr_Caswell,6
Lara_George,5
Blake_Edwards,6
Suicide_of_Jadin_Bell,8
Darshan_Singh_Pheruman,10
Sarla_Birla,9
Walter_Cronkite,9
Anne_of_Denmark,5
Pieter_Hintjens,4
Asia_Carrera,7
Armand_Dorian,5
Alonzo_Church,5
Nadhmi_Auchi,8
H._R._Giger,4
Ariana_Jollee,6
Douglas_W._Shorenstein,6
Omar_Sani,7
Tarikonda_Venkamamba,5
Danny_Kass,3
Linda_Hogan,4
Wilmer_Stultz,6
Sudono_Salim,9
Stephen_Hagan,4
Billie_Holiday,3
Hans_Holbein_the_Younger,6
Mike_Hoolboom,6
Kayode_Sofola,6
Archibald_McDonald,7
Francis_I_of_France,6
Fujio_Akatsuka,7
Tiger_Kirchharz,6
Neamat_Imam,5
Edgar_the_Peaceful,5
Roland_Reznik_(entrepreneur),4
Frederic_Poole_Gorham,6
Alexandru_Ioan_Cuza,5
Ayan_Elmi,4
Naomi_Sims,5
Abed_Chaudhury,5
Terry_Wogan,8
Camillo_Golgi,4
Michael_Lobo,5
Anton_Jude,5
Dinker_Belle_Rai,9
Abbie_Hoffman,8
Seretse_Khama,11
Pius_Fidelis_Pinto,4
Susannah_Lattin,5
George_Alec_Effinger,5
Antanas_Valionis,2
Bonnie_Tyler,5
Harry_Houdini,7
John_Hennessy_Saul,7
Will_Wright_(actor),7
Henry_Phillips_(horticulturist),10
Lionel_Ranwala,7
David_Livingstone,6
Airey_Neave,9
Kirstie_Allsopp,4
Byron_White,9
Howard_McNear,6
Amir_Hamzah,5
Rachel_Kempson,12
Jolin_Tsai,7
Ferdinand_Peroutka,4
Paulo_Kafeero,9
Jessica_Cox,9
Kunle_Ajayi,5
Eleanor_Bron,3
Pratyusha_Banerjee,8
Darrel_Ray,6
Whitney_Houston,10
Babatunde_Omidina,4
G._P._Wickramarachchi,8
Felix_Douma,8
Ananda_Chandra_Dutta,8
Giovanni_Battista_Pergolesi,3
Linda_Smith_Dyer,5
Frank_Piasecki,8
Eero_Saarinen,5
Giles_Scott,2
Chen_Shui-bian,8
Daniel_Pipes,5
Gregory_of_Nyssa,6
John_Junkin,10
Virginia_Fox,10
H._L._Mencken,7
Scott_Clifton,5
Talon_(actor),6
Valentina_Maureira,6
Alvarenga_Peixoto,8
Emperor_Go-Fushimi,4
David_Abulafia,6
Monroe_Edwards,5
Ilya_Mokretsov,2
Tjandamurra_O'Shane,7
Lakha_Lakhwinder_Singh,9
Muhammad_Bashir_Ranjha,4
Denholm_Elliott,8
George_Whitefield,4
Jackie_Chandiru,8
Eddie_Chapman,6
Christopher_Lee,6
Laurindo_Rabelo,9
Candy_Barr,5
Bobi_Wine,6
Christopher_Evans_(computer_scientist),6
Aloysius_Lilius,5
Mohammed_Alfazari,5
Charm_Tong,5
John_Gachora,6
Adi_Shamir,6
Eratosthenes,3
Ronald_Lacey,12
"Penn_Jones,_Jr.",6
Shirley_Finn,6
Arnold_Schulman,5
Howard_Thurston,6
Mamun_Mustafa,6
Li_Zehou,9
Goffredo_Mameli,3
Dennis_Bergkamp,2
Andrew_Lloyd_Webber,10
Harcharan_Singh_Longowal,8
Frederick_Law_Olmsted,5
Yermak_Timofeyevich,12
Castro_Alves,9
Don_Hollenbeck,7
Erica_Andrews,6
Dave_Garroway,7
Puran_Appu,16
Aishwarya_Nag,5
Warlimpirrnga_Tjapaltjarri,8
Edward_Stinson,6
Joy_Cowley,7
Reeta_Chakrabarti,6
Gulzar,10
Nick_G._Miller,7
Garry_Marshall,8
Caroline_of_Brunswick,9
Joe_Hurd,10
Lew_Cody,9
Sani_ol_molk,3
Lily_Pons,5
Horace_Greeley,9
Harold_Macmillan,10
Cloud_(dancer),4
Ola_Oni,5
Park_Chung-hee,16
Ronald_Fraser_(actor),11
Ali_Olanusi,5
Fulgencio_Batista,7
Lilian_Baylis,5
Edward_Mermelstein,5
Alexander_Shulgin,7
Helmut_Schmidt,7
Velma_Wallis,5
Hal_Smith_(actor),6
Gretha_Smit,3
Thomas_Lubanga_Dyilo,6
Luigi_Galleani,7
Josette_Banzet,6
Edmund_Clerihew_Bentley,3
Tjayanka_Woods,5
Frederic_Clay_Bartlett,10
Ann_Eliza_Bleecker,5
Mollie_Sugden,9
Melvin_Frank,8
Milton_H._Bren,9
Francis_Pharcellus_Church,3
Edward_Thomas_(poet),6
Vikramjeet_Virk,9
Urban_Tibamanya,9
Liam_Davison,8
Sugata_Mitra,5
Nalo_Hopkinson,5
Sandra_Dewi,6
Chespirito,6
Rita_Atria,6
Sung_Jae-gi,10
Lucy_Stone,13
Sunkanmi_Omobolanle,6
Franz_Mertens,4
Maggie_McNamara,8
Dick_King-Smith,6
Teguh_Karya,10
Charles_Lee_(general),3
Arthur_J._Collingsworth,10
Ishi,5
Ephraim_Evron,7
Hedda_Hopper,8
Sidney_Harman,7
Nara_Rohit,10
Elliot_Handler,8
Albert_Abrams,3
Elizabeth_Montgomery,13
Nell_Carter,5
Howard_Rollins,8
Gwen_ferch_Ellis,7
Muljibhai_Madhvani,8
Chandiroor_Divakaran,6
Jaina_Lee_Ortiz,4
Eugene_V._Debs,5
Frank_Altschul,5
Muskaan_Mihani,7
George_Steiner,4
Michael_White_(producer),6
Albert_Gerald_Stern,7
Richard_Slaughter,4
Reggie_Showers,6
Jeffrey_Montgomery,7
Yonadam_Kanna,6
Kledi_Kadiu,5
Michael_Cudahy_(industrialist),8
Roger_Lloyd-Pack,9
Tomi_Odunsi,5
Deepa_Mehta,12
Diego_de_Nicuesa,2
Saheed_Balogun,4
Ahmed_Refai_Taha,7
Adolphus_C._Bartlett,11
Keisha_(actress),9
Madame_Roland,6
John_Pritzker,6
Patricia_Kabbah,14
Mark_Bingham,8
Clifton_Fadiman,10
Jerry_Warren,7
Bob_Benmosche,9
Dan_Gerson,6
Marti_Caine,10
Bill_Hicks,3
Nisi_Shawl,5
Harry_M._Wegeforth,6
John_Selman,6
Sugata_Bose,9
Ramon_Saizarbitoria,3
Henry_Hodge,8
Alfred_North_Whitehead,4
Douglas_MacArthur,3
Ahmad_Tejan_Kabbah,16
Giulio_Racah,3
Arati_Saha,9
Khaqan_Haider_Ghazi,7
Poldek_Pfefferberg,9
Love_Brewster,11
David_Harris_Underhill,7
Christiaan_Hendrik_Persoon,6
Franco_Zeffirelli,10
Jide_Kosoko,5
Steve_Witkoff,6
Steve_Pivovar,9
Edward_Higgins_White,7
Hakaru_Hashimoto,6
Beti_Kamya-Turwomwe,9
Fatimah_Busu,7
Giovanni_Paisiello,3
Frank_Yerby,5
Glen_A._Larson,8
Dominick_Dunne,9
James_Timberlake,7
Franz_Schubert,3
Paula_Burlamaqui,5
Eric_Idle,5
Daniel_Lewin,9
Aw_Boon_Par,10
Evi_Gkotzaridis,6
Barbara_McClintock,7
William_S._Paley,12
Suicide_of_Jamey_Rodemeyer,5
Adolf_Eichmann,8
Edmund_Blunden,5
Bob_Hope,8
Prajnananda_Mahathera,6
Gregory_of_Tours,6
Harthacnut,6
Harold_Godwinson,8
Martin_Aliker,12
"Antonio_Lagdameo,_Jr.",9
Miss_Cleo,6
Jayanta_Dey,11
Martha_Mansfield,7
Baldev_Raj_Chopra,11
Jaivindra_Singh_Bhati,4
HT_Tran,5
Samuel_Mason,12
Emma_Andijewska,6
Dhani_Ram_Chatrik,4
James_Oladipo_Williams,5
Andy_San_Dimas,7
Netiva_Ben-Yehuda,5
Walter_Pukutiwara,10
Rahima_Naz,6
Hans_Holbein_the_Elder,8
Catherine_Parr,9
Ben_Elton,4
Vivien_Leigh,9
Dunia_Montenegro,6
Annet_Nakawunde_Mulindwa,6
Ray_Tomlinson,8
Karenne_Wood,4
Musa_Mwariama,9
Erukhan,7
Kim_Sun-il,7
Rekha_Waheed,5
Eadwig,6
Susannah_Mushatt_Jones,7
Trent_Lehman,7
Edmond_Hamilton,4
Letha_Weapons,6
Iyabo_Ojo,5
Arid_Uka,7
Ralph_McQuarrie,8
Edward_Durell_Stone,7
John_P._Townsend,6
Warren_Cowan,9
Baccio_D'Agnolo,3
William_Thomas_Rawleigh,5
Lew_Grade,9
Arthur_Machen,6
John_Abner_Snell,7
John_Murrell_(bandit),7
Ben_Jonson,5
Al_Troth,7
Kandiah_Balasegaran,8
Rajnarayan_Basu,7
Henry_Gratiot,10
Berengar_of_Tours,3
Coelho_Neto,7
John_Adelbert_Davis,9
Margaret_Hamilton_(actress),7
Issa_Laye_Thiaw,6
Arai_Ikunosuke,7
Peter_Graves,8
Gary_K._Michelson,7
Nour_Eddine_(singer),4
Anton_Schumacher,2
Simon_Wiesenthal,8
Jose_Diaz-Balart,5
Suicide_of_Phoebe_Prince,7
Augustus_Pitt_Rivers,6
George_Lakoff,7
Alfred_Marshall,6
Gladys_Aylward,7
Kenneth_E._Hagin,7
Elia_Kazan,10
Roy_E._Disney,10
Amulya_Barua,7
Emmanuel_Amey_Ojara,9
Upali_Wijewardene,8
Trayvon_Martin,6
Stan_Zemanek,5
Angkuna_Kulyuru,5
Tunde_Jegede,10
Marshall_Miles,5
Aryana_Commandar,11
Lowitja_O'Donoghue,5
Meyer_Lansky,9
Anjana_Sukhani,7
Ted_Healy,6
Ralph_W._Cram,10
Zarine_Kharas,4
Barbara_Stanwyck,8
General_Tom_Thumb,6
Henri_Paul,5
Catiline,3
Johnny_Edgecombe,6
Mo_Ansar,5
Robert_Loggia,11
Kunjunni_Mash,10
Francis_Walsingham,7
Wole_Olanipekun,5
Christopher_%22Crip%22_McWilliams,7
Hrach_Titizian,5
Pat_Mora,5
John_Trudell,10
Dodi_Fayed,12
Luke_Kercan_Ofungi,5
Death_of_Eugene_Ejike_Obiora,6
Billy_Joel,3
Sethu_(actor),5
Prabhas,11
Franco_Rasetti,3
Mehmet_Ali_Birand,8
Dade_Moeller,13
David_Treuer,6
Frederick_Theodore_Frelinghuysen,7
Ayub_Khan-Din,7
Ben_Gazzara,10
Buddy_Hackett,8
Zeb_Ejiro,5
Albert_Brudzewski,6
Ratheesan_Yoganathan,9
Andrew_Inglis_Clark,11
Harrison_Ford,5
Victor_Watson,6
Harry_Guardino,5
Damilola_Adegbite,9
Oscar_Hijuelos,7
Clovis_Maksoud,9
W._S._Karunaratne,9
Richard_C._Miller,11
Guy_Madison,8
Ford_Madox_Ford,6
Guo_Qiru,6
Eilis_Flynn,5
Hemant_Kanoria,9
Adeyemi_Afolayan,8
Edgar_Chahine,8
Edmund_Rich,3
Martin_Shkreli,6
Andy_Razaf,4
Judith_Babirye,9
Sanjaya_Fernando,7
Krushnaji_Pandurang_Kulkarni,4
Clara_Barton,6
Bertha_von_Suttner,6
"Colin_Renfrew,_Baron_Renfrew_of_Kaimsthorn",4
Hayley_Wickenheiser,4
Jane_Russell,7
Gaspar_Corte-Real,3
Friedrich_Engels,7
Menachem_Froman,8
Alexander_Trocchi,3
Alfred_Meyer,2
Bob_Hastings,8
Kit_Carson,11
Rock_Hudson,13
Heinrich_Anton_de_Bary,3
Abdillahi_Nassir,6
Baba_Alakyo,6
Boris_III_of_Bulgaria,8
Michel_David-Weill,6
Nick_Stone_(author),5
Frank_Drake,6
Rawail_Singh,4
Enzo_Scifo,2
Pat_Close,8
Ann_Sothern,11
Nicky_Gavron,8
Helen_Hunt,4
Joey_Merlino,6
Carl_Switzer,6
Frederick_Loewe,3
Arthur_G._Cohen,6
Mary_Ann_Black,9
Benson_Wairegi,7
Reza_Sattar,6
Jack_Gilford,15
Hayden_Christensen,3
Tarak_Mekki,6
Francis_Oliver_Haddock,7
Serafin_Baroja,7
Kathryn_Kuhlman,6
Archibald_Gracie_IV,6
Mariam_Ghani,6
Roscoe_Simmons,5
David_Stirling,3
Rajashri,6
Charles_Beaumont,6
Reggie_Sears,5
Akin_Ogungbe,5
Peter_Harvey,5
John_Kensit,10
David_Zindell,3
Slavoljub_Eduard_Penkala,7
Romesh_Chunder_Dutt,11
Amiya_Pujari,10
Lloyd_Bacon,6
Femi_Odugbemi,5
Gok_Wan,9
Jean_Aberbach,4
Thomas_Woolsey_Thorne,7
Srijato,4
Rehmat_Aziz_Chitrali,6
Yahya_Haqqi,6
Brian_L._Roberts,8
Wilma_Pastrana,8
Guy_Gavriel_Kay,3
Ndave_David_Njoku,7
Mondo_Kagonyera,9
Augustus_John,4
Bunney_Brooke,7
Gabriele_Rumi,5
"Charles_VII,_Holy_Roman_Emperor",9
Ricardo_Bordallo,12
Dick_Campbell_(producer),8
Herman_Hollis,6
Boris_Giuliano,6
Carl_Bildt,5
Hugh_Glass,10
Eugene_Allen,9
Badal_Gupta,13
Arthur_Naparstek,15
Fagundes_Varela,9
Booker_T._Washington,8
Alfredo_Seiferheld,6
Julia_Buencamino,7
Aditya_Vikram_Birla,11
Mandingo_(actor),4
Shosei_Koda,4
Conrad_III_of_Germany,8
Michael_Noyk,6
Telman_Ismailov,5
Madhusudan_Das,9
Mary_Ann_Shadd,7
Tex_Avery,5
Goronwy_Rees,6
Justin_King_(businessman),9
Layne_Redman,7
Bidisha,6
Hermann_Huppen,2
Alexander_Dallas_Bache,5
"William_Paulet,_1st_Marquess_of_Winchester",12
Cornel_Patrichi,5
Toyin_Adegbola,5
Edna_Ferber,5
Lyon_Cohen,4
Fritz_Walter,3
Sola_Sobowale,5
