,1
Andreas,13
Yibin,1
Szczecin,2
Savage,8
Surdam,6
Harald,7
"Dartmouth,",1
hanging,3
Jaundice,1
Fusignano,1
"Artesia,",1
Burney,4
Auchi,9
Ronald,36
Cimarosa,3
Western,18
Harefoot,5
"Compton,",1
Drowning,2
Iwanami,6
Hejlsberg,3
Old,10
Kiryandongo,1
(Nevada),1
Athokpam,9
"Livingston,",2
(entrepreneur),4
Paul,52
Jerez,1
Thurgood-Dove,5
Ansar,5
Pinkerton,4
Stanton,12
Bavaria,15
Eero,5
Matthew,1
(critic),8
"Brochet,",1
(Aboriginal,13
Townsend,7
"Godwin,",7
Tinney,6
Hilgers,8
LeFrak,8
Hamilton,18
"Mannville,",2
's-Hertogenbosch,2
Ikunosuke,7
Croat,1
Neville,14
Bronchopneumonia,3
Amusa,4
El-Sherbini,5
Stephanie,1
Viner,6
"Eatonton,",1
Wolverhampton,1
Dominique,7
military,1
Harvey,33
Cannock,1
"Leandro,",2
Pompeia,8
Basanta,4
Basil,8
Wales,60
Messina,1
Vernou,12
Leilani,6
Vernon,6
Q1120798,1
Caine,10
strike,2
Diabetes,6
Tudor,1
Christina,7
Christine,7
Rula,1
Twickenham,2
Rule,1
93,1
Cheltenham,1
Selman,6
Onassis,2
Susannah,12
Meru,1
(engineer),7
Lung,32
Lund,1
Bonthe,1
Leema,4
"Barrington,",2
Le,7
La,14
Barooah,8
Aberdyfi,1
Roshan,6
Briar,1
Ogidan,5
Li,9
Brian,24
Hedd,8
Aristid,3
Hampstead,5
Gardner,11
Alsace,2
Edyth,1
LZ,8
Teguh,10
"Chelsea,",7
A,1
Bates,15
L.,23
Jorgensen,1
Punjabis,1
Stradivari,5
Cambridgeshire,3
Norwich,1
Mouche,8
Haskell,6
Quinn,7
Federative,3
Luzzara,1
Ursula,2
Obotrites,1
Edith,19
Badajoz,1
Shibpur,1
Willi,5
Aurelian,4
Ludwig,5
Kendal,1
Bret,7
Natal,1
Koidu,2
Fulvia,1
"Urbana,",3
Choudhury,20
Penobscot,2
Dover-Foxcroft,1
Hunan,3
Shetty,5
Gustavus,1
"Teheran,",1
Borno,1
Mousa,7
Klotz,1
Northamptonshire,1
Konwar,8
Bacon,6
Eliza,6
Cavalcanti,9
Rickman,7
Accountant,3
Puri,1
Pomerania,1
"Gudur,",1
Gustav,13
(dancer),4
Lotharingia,1
"California,",14
Remonstrants,1
Gereformeerde,1
Vanity,7
"Altadena,",1
University,547
Work,1
sull'Oglio,2
Koda,4
Swarthmore,1
Universiti,1
Frankfurt,7
Safir,5
Nigel,9
Rosenberg,16
"Farmingdale,",1
Chaz,7
"Lancaster,",1
ferch,7
Chihuahua,2
Tardets-Sorholus,1
Baganda,2
Tobago,2
Zulueta,1
Merlin,7
Bliss,6
Danese,1
Jaivindra,4
"Spokane,",2
Catalan,1
Husna,10
Simmons,17
Rusyns,1
Braunschweig,1
Estado,1
"College,",49
Alexander,25
Tuchel,1
Dadds,3
"Sedona,",1
palsy,1
Natasha,11
Caswell,11
Moldavia,1
"Prahran,",1
Carroll,7
Kassim,8
Croydon,1
"Ivydale,",1
Mohandas,1
Ghura,1
Ajibade,9
Cuperus,5
Cody,9
Angell,9
Chicago,54
Automobile,1
Angele,1
Angela,11
"Swiss, Canadian, American",1
Williams,43
Daggubati,21
Lincolnshire,1
Baileys,2
Intracranial,1
Nwauwa,6
Historic,1
Minister,1
"Mirage,",3
Stoke,1
(businessman),27
Bank,1
Jones,23
"William,",1
Chaldean,2
Lynd,6
Al-Mustansiriya,1
Rajesh,1
Gujarat,2
Koidutown-Sefadu,1
Galveston,1
Bobola,8
Sofia,3
China,12
"Village,",1
Lisbon,1
(counterterrorist),1
Isherwood,5
Worthington,15
Zanzibar,1
bomb,1
Union,8
Abdul,7
Twain,2
Nour,4
ulcer,1
Daryl,3
Venkat,7
(producer),15
Abkhaz,1
Issa,6
D.C.,27
Fakhruddin,6
Ipoti,1
"Perth,",1
Tongyeong,1
Neto,7
"Raton,",2
Sargodha,3
Pescara,1
Rio,29
Saraswati,4
Commandar,11
(1348-1372),1
Harbury,1
Siva,1
Dwijendranath,9
Sankoff,1
"Winchester,",1
Anderson,14
McPherson,6
John,318
"Charleston,",1
estate),1
Sinhalese,18
Ugandan,74
Luritja,1
dynasty,1
Kittrell,1
Potoldanga,1
"Salisbury,",1
(Cappadocia),1
Kamugisha,7
Horsham,1
Bronx,10
Charbonneau,3
Ikoyi,1
Veronica,9
accident,1
Lymphatic,1
Ulster,3
"Court,",1
Gangadhar,10
Sequoyah,1
Etty,6
Aberdeen,1
Layne,7
Vadodara,1
2nd,5
"Clay,",1
Bacteremia,1
(castle),1
Movement,2
Skyros,1
Clarence,23
Busunju,1
Malay,1
Infection,1
Reggio,3
Hewlett,1
Weerasinghe,6
Flowers,6
Adventist,1
Acute,6
Algiers,1
Tokyo,10
Prussia,10
Poland,15
(writer),42
Schulz,3
Isoko,2
Kuiper,11
Kaufman,5
"Tarzana,",4
Harrison,24
Campbell,19
Chanchal,1
Moji,8
Katarina,1
Goddard,11
(rapper),1
Tyrone,1
"Grande,",3
Capital,1
Harrach,1
Puerto,3
Humayun,12
Main,3
Enkenbach-Alsenborn,1
Venezuela,1
(London,1
Nationalities,1
Budapest,4
marches,1
Qazi,6
Angeles,125
Hollis,6
Peking,1
Sandringham,3
Persoon,6
Sunkanmi,6
Gavin,5
"Shiraoi,",1
"Milwaukee,",2
Sambalpur,1
"Eccles,",1
British-American,2
Russell,9
Mysore,1
Thane,1
Lithuania,4
Zuying,5
Lattin,5
Pumpkin,1
Maidie,8
Harlem,2
Ewing,5
Uvwie,1
Oscar,7
Leonard,20
Connecticut,31
Spiegel,6
Cuneta,1
"Bera,",1
(business,1
"Ynez,",1
Fontainebleau,1
Stuarts,1
Caldas,9
"Razzall,",8
Hindus,1
"Hinsdale,",1
Emilio,12
Emilia,8
New Zealand,4
Grass,1
Emilie,1
Claudia,9
Brenda,1
Dzerzhinsky,9
"Wantagh,",1
"Azerbaijani , Russian, Turkish",1
Steven,6
Agolley,4
Padova,1
"Rouge,",1
Warren,34
Swedish,5
Dicaearchus,2
Quett,7
Joanita,4
people,442
Corte-Real,3
Gkotzaridis,6
Noel,1
Concepcion,1
"Monica,",21
Dutchess,1
for,5
"Frederick,",3
(historic),4
Ismailov,5
Upsala,1
Armenia,2
Palmi,1
Valionis,2
Abby,7
"Jenkinson,",1
McElroy,12
Nicholson,6
"Kipahulu,",1
Moyamba,2
Remo,2
Aboderin,5
First,5
Duquesne,1
(city),6
Valentina,6
Amalia,1
Cnut,12
Brightman,1
Pontes,9
Pergolesi,3
Greeks,2
Scotland,8
Aaron,23
Latina,1
Korean,5
Latino,1
Najjera,2
Hank,1
Gaels,1
Canaveses,1
"Waring,",6
Wegefarth,1
Aloysius,12
Testicular,1
Wapenveld,1
Hans,42
"Joplin,",1
"Fe,",1
"Clinton,",1
Boole,5
Otala,7
Jaesam,4
Tong,6
Schubert,3
Cerebrovascular,1
County,22
Engineering,5
Appendicitis,1
Chrysippus,3
"Uniontown,",1
Tony,16
Brest,1
Brighton,4
Gulu,5
Jose,9
Rajabazar,1
"Lalitpur,",1
"Dayton,",4
Rydboholm,1
Saraswat,1
Kunegunda,1
Virgin,1
Sia,15
"Bristol,",1
"Ashfield,",1
Francisco,65
Tirupati,3
Francisca,1
Ramon,4
Ramos,5
Soroti,2
Guntur,2
Ojibwe,1
Mangalam,1
Melbourne,6
Wiebe,4
Shaaban,8
Ealing,5
Scots-Irish,1
Ida,8
developer),10
Yeomans,5
Gupta,23
Charles,139
Lakshmaiah,1
Kunle,6
Fleming,4
Madeira,1
Empire,53
Eltham,1
Kabale,2
Aborigine,1
Andijewska,6
Sant'Angelo,1
Wabash,1
Indiana,21
chair,1
"Wheeling,",1
quartered,1
Stinson,6
Kherson,1
Shuafat,1
Cunnamulla,1
Peer,8
Ahmedabad,1
Rasaq,1
Redgrave,21
Kokkuththoduvai,1
Solihull,1
Darryl,1
Franz,20
Halprin,1
Ratnapura,1
Seka,5
Vittorio,1
Harbin,1
"Gaffney,",1
Rola,4
Rana,1
Jakob,6
Theodosia,2
Northeastern,1
Ladyville,1
team,1
Tan,5
Suzanne,2
Tianyi,4
Corfu,1
Antonia,1
Dewi,6
M.,67
Avignon,1
Tagore,9
Pagiyev,7
Midlothian,1
Antonie,5
Insular,1
Bassam,8
Cruz,2
Crowell,1
Riviera,1
Francis,52
Emma,16
Dagestan,2
"Alves,",1
Mo,5
Vikramjeet,9
"Rodd,",4
Single-vehicle,1
Warner,1
Borough,9
Hypothermia,1
Packer,12
Ziegler,8
Travis,9
Neva,5
Malolos,1
Malacca,1
Cardiovascular,2
Bora,12
Ejersa,1
Lankan,1
Thumb,6
Nipomo,1
Giulia,1
Islington,4
Alyson,6
Friedrich,7
Sayer,5
Alberto,8
"Ely,",1
Olubunmi,5
Donizetti,3
Davidson,1
August,17
Tanish,4
Prabhas,11
Loos,5
Aykroyd,4
Altai,2
Kavya,5
Blois,1
Kempson,13
Antwerp,2
Myer,1
Romania,13
Jimmy,8
"Albert,",1
(Chicago),1
"Logan,",1
Blackwell,2
"Emanuel,",1
Sarla,9
Bapatla,1
%22Crip%22,7
"Leicester,",1
Lois,7
Laotian,1
Showers,6
Squier,8
Chunder,11
Gertrude,2
Go-Fushimi,4
Federal,1
Froman,8
Sukhani,7
Colli,6
Alwar,2
Huma,8
Alagoas,3
Munyankole,4
Obiora,6
Peradeniya,2
Bridgefoot,1
Carmichael,1
Niji,4
Burgundian,1
Hames,6
Wiesel,8
cardiac,1
Chakma,1
Valsad,1
Trento,1
"Thessaloniki,",1
sclerosis,1
Hannigan,6
Derozio,8
Islam,49
Saarinen,5
"Techny,",1
Ennismore,1
Peterborough,1
Imogen,1
Wyoming,1
Barnet,1
Bacchylides,2
Maritime,1
Cromwell,20
Mukdahan,1
Lecturer,1
Jide,5
Noida,1
Nandy,5
Oleander,4
"Grant,",1
Whitney,11
Phil,8
"Islands,",1
"Oak,",1
Sandomierz,1
"SOAS,",1
Socialist,9
"Kingston,",1
Farouk,10
Gordon,21
Cosim,7
Argyll,1
"Lindfield,",1
Salim,10
Yellow,2
Grants,1
Malalasekera,8
Anthrax,1
Baltazar,6
Quispe,1
Morecambe,2
"Sanford,",1
Hennessy,7
Jumel,1
Snyder,4
Chakraborty,32
Bermuda,3
Rwandan,1
oedema,1
Deborah,14
Shepherd,11
Jiangsu,1
Anwar,9
Elizabeth,72
Apostolic,1
Joy,14
Pozzuoli,1
Barbour,11
Joe,47
Piyasena,8
Jon,9
Holloway,3
Bouvier,28
Valerie,1
Midori,5
Bonny,14
Opioid,1
Antipater,2
Pitkin,1
Whitefield,4
Brantford,1
Brazil,30
Ontario,13
Ortiz,4
Fateh,7
Royal,20
Faten,1
Megan,1
Ranjha,4
Adeolu,5
city,1
Miyagi,1
Kunene,5
Heckart,3
Q3018561,1
Tariqui,9
Nolan,6
Fonseka,9
Buster,7
Mermelstein,5
Amusan,5
Tarita,1
Avogadro,5
Funmi,5
Burnopfield,1
History,4
Suneil,1
Kwara,1
Hubert,13
Mameli,3
"Vineland,",1
Rutherfurd,1
Kollur,1
Rawleigh,5
Idaho,6
Balinese,1
"Medici,",1
Dimapur,1
Ankole,4
Jewish,56
Zuccarelli,3
Hall,24
Kadiu,5
Gyrid,1
Mabel,1
Montserrat,2
Kerr,9
Kern,10
Allison,1
Kirstie,4
Kerk,1
Sobieska,1
Prescott,21
Portuguese,2
Cher,1
"City,",37
Arras,1
Klerk,12
Chee,4
Virk,9
Chen,8
"Beckley,",1
"Hyderabad,India",1
Sky,8
Trethowan,10
Nyssa,7
Ethiopia,1
Roland,10
"Romney,",1
Labourd,3
Bokaro,1
Schaerbeek,1
Bianca,1
"Needham,",1
Ramat,1
"Michigan,",1
Bishopric,1
Burlamaqui,5
Henfield,1
Ludwik,6
Bharu,1
Manchester,16
Elkann,17
Lowndes,1
Phoolan,6
16th,2
Vidyapati,8
Santana,7
Anurag,6
Africa,5
(artist),5
Patricia,28
Madeline,1
surgery,2
Sapporo,1
Babylon,1
Yeshimebet,1
Patker,4
"Nairobi,",1
"Lakewood,",1
Kaiserlautern,1
Rastricke,1
Lowitja,5
Thai,1
Peck,7
"Williston,",1
Ceylonese,1
Harbor,1
Oglethorpe,1
Rakesh,1
Constance,9
Kang,14
Rahn,1
Mestizo,2
Watford,1
Demosthenes,5
Bibhuti,5
Apollos,6
Mollie,9
Fairbanks,7
Delaware,1
"District,",2
Arteriosclerosis,1
"Charleroi,",1
Riverside,1
Horton,1
Pepper,7
Deism,1
Mahathera,6
Toblini,1
Sardinia,7
Harris,17
Lynch,8
Correia,6
Princess,7
Deist,1
Berber,1
Mehmet,8
Hebert,1
Edgecombe,6
Davies,17
Gentzen,5
Cystic,1
Tororo,1
Spiritual,1
"Calabasas,",4
Copland,3
Gamal,10
Prem,10
Hashimoto,6
"Aiken,",1
Hilferty,9
Nalo,5
Parke,11
Trocchi,3
Akkineni,16
Pas-de-Calais,1
Gavinus,3
Akinola,5
Freddie,18
I,37
Geraldine,14
"Air,",2
Birsa,6
Murder,42
Physics,1
Gottlob,7
Owl,9
Owo,1
Souls,1
Granderson,8
May,9
Bunney,7
Milwaukee,3
Soule,1
Botswana,2
Daniel,53
Puttaparthi,8
Judith,10
Tamale,8
"Jinja,",1
Trivandrum,1
Olive,13
Crane,12
Grabau,8
Hitchcock,1
Mona,5
Ogbomosho,1
Nile,1
Zabaykalsky,1
Secunderabad,1
Genocide,1
Forster,5
"Kalamazoo,",2
Tripp,1
Augustus,12
Sharp,7
Perry,6
"Tarrytown,",1
Waziristan,2
Fulgencio,7
Khaled,7
"Edam,",2
Brandon,1
Geoffrey,5
Sloan,4
Sextus,10
SFSR,3
Vienna,17
Binion,11
Merton,3
Ambrosius,5
M.D.,1
Sushmita,5
Monrovia,1
Gaul,2
Gaud,1
Enugu,1
Shiel,7
Nederduits,1
tumor,5
Jordanian,1
bone,1
Paine,1
"Savannah,",1
Magnus,3
Kaduna,2
Olena,2
Sugden,9
Ng,7
"Chatham,",1
Pakistani,25
"Papulankutja,",2
Barbosa,9
"Northville,",1
Durban,5
Alain,4
Baton,1
NY,1
Mombasa,2
Ai-jen,6
N.,16
Sandburg,8
Gavron,9
Orgen,10
Bodeck,2
Sanllorente,5
Harry,52
Derbyshire,1
Winestead,1
"Lansing,",2
Siegel,8
Subrat,8
Ballia,1
"Israeli,  Canadian",1
Close,18
Anglia,1
Leipzig,2
Seigner,4
am,3
Airlines,3
an,1
ap,2
Hot,1
at,9
Camillo,4
Ramchandra,1
(India),3
"Salford,",2
Watson,6
Auvergne,1
Janat,7
Lady,4
"Syracuse,",1
Kurdish,2
Funsho,5
Sibyl,9
"Beaumont,",2
(region),1
Ales,1
Ssewanyana,6
Serb,1
Wogan,8
Alec,10
Fordham,1
Street,1
Cardille,6
Keeshan,5
Canada,23
Gehrig's,1
Lemsford,1
"Tacoma,",1
Houdini,8
causes,7
Dinker,9
Auchincloss,2
"Providence,",3
"Pittsburgh,",2
(Luhya),2
Rioja,1
Telman,5
Wole,10
Shaftesbury,1
Pangasinan,2
Galton,8
Noam,1
"Renfrew,",4
Ismail,1
Alakyo,6
Godfrey,3
Chandravadan,5
Heinemann,11
Nomura,5
Upshire,1
Amritsar,6
Congestive,7
Konkani,1
Sylvia,10
Criollo,1
Giovanna,1
Giovanni,17
Urdu-speaking,2
Kaimganj,1
"Monessen,",1
Wapakhabulo,11
Bendigo,1
Ferguson,3
Cape,6
"Lyon,",1
Hird,9
Jiang,1
Charlie,6
Finland,1
Neeson,1
Lorian,1
Spencer,18
Paisiello,3
Studies,2
scientist),6
Ilya,2
Alaskey,6
Iqbal,5
Jared,1
Airplane,1
Lindenmayer,3
Farrukhabad,1
"Worcester,",2
Richmond,1
Glynne,7
Nossiter,6
"Trenton,",1
Kotayya,9
(landscape,6
Fayed,12
Chung-hee,16
Russian,30
"Carlton,",1
Edwin,1
Philippines,8
Shakur,4
Velma,5
Cybill,4
Kapp,6
"Fremont,",1
Faculdade,1
Tiffany,5
Pausch,8
male,1562
"Fredericksburg,",1
Hagman,1
Dunia,6
"Sydney,",3
Glasgow,10
Kalisz,1
Paisley,14
"Fayetteville,",2
Muhiti,8
Shahabuddin,7
Frances,16
Gurdaspur,2
Ukrainians,2
Dalkeith,1
Hering,7
Mwangi,7
Hanover,4
Emil,9
Darshan,10
state),3
Swiss,6
Briana,2
Amartya,7
Churchill,1
Masire,8
Paglia,1
Jongno,1
Hebrew,2
(accident),1
Bridgetown,1
Homicide,10
Lana,6
Afton,1
Enderlin,4
Dixon,1
Nkrumah,1
Abbie,8
Adolf,13
Benjamin,28
(musician),1
"Loma,",1
Brussels,4
"Heights,",1
"I,",2
Loma,1
Grammar,2
Glamorgan,1
Michael,96
Gerhard,14
Elliot,8
Mathison,1
Gombojab,8
Maurice,2
Authority,2
Matasi,9
"Redding,",1
"British, born Somali",1
Polo,1
Qureshi,8
(Captain),1
"Hilton,",1
Menem,6
Bryn,1
Rose,10
"Bangor,",1
Bahray,7
Ross,12
Physicians,1
Gmina,1
Munga,5
Bandaramenike,1
Dramatic,8
Monacan,1
Sujitha,5
Rowswell,5
Tagum,1
"Gatos,",1
Pentonville,2
United States,83
director,1
Idle,5
Odunsi,5
Lausanne,1
cyanide,1
Economist,1
Hakaru,6
Lecropt,1
Kasturba,1
Saltzman,2
Santiniketan,2
Kagan,5
Pryor,1
Byrne,1
Quetta,1
Rudl,1
Raashi,10
Serer,2
Rudy,4
Sunni,5
Clarkson,6
Meza,1
Selznick,8
court,1
Long,13
"Neuilly-sur-Seine,",1
Amyotrophic,1
Cancer,27
Kramer,6
aan,1
"Annapolis,",2
Amiya,10
Alcohol,1
Tweeling,1
"Ward,",1
"Hannibal,",1
Mecklenburg-Strelitz,2
Kyoto,4
Addis,1
Vasu,1
Tobolsk,2
Chinese Indonesia,1
Bergh,3
virus,1
Giovan,3
Friede,6
Delft,2
Isa,4
Ramnathi,1
Yong-ik,5
Effinger,5
Ionian,1
Huntingdon,2
Surry,1
Cloud,4
Hal,6
Ham,1
Han,13
Osteel,1
Ralphs,6
C.J.,4
Palestine,2
Lilly,1
"Jolla,",1
Humphrey,12
Kingdom,113
Bulgarian,1
Basu,26
Service,1
"Neck,",1
Muslim,4
Mardhiah,5
Salimullah,1
"Carlsbad,",1
Norman-Bellamy,5
Kasekende,6
Clarissa,4
Terzian,8
Pauline,1
Outagamie,1
Tjamiwa,1
Treuer,6
Dalton,1
"Harlem,",1
Graves,8
Adrienne,12
Fox,11
Barmen,1
"Hervey,",21
Naiqi,1
Mertens,4
Calabria,1
pneumonia,2
Towers,1
Theda,9
Okines,6
Manipur,17
Pettis,6
Upazila,1
Idris,7
Carman,10
Florida,33
"Keswick,",1
activist),13
Hossain,8
Braren,4
Leone,13
Neil,15
Fitch,7
Ransome,6
Nigerian,86
Todd,6
Buryats,1
Trinidad,2
Breton,1
"Bethesda,",1
Shamim,8
Teddy,1
Kyaw,5
community,1
Clyde,3
"Mesa,",3
church,1
Shamir,6
Cary,3
Carr,7
Dakshina,1
Robbins,5
Murdered,2
Khulna,2
Carl,40
Queensland,7
Mack,7
Quezon,2
Polly,9
agent),10
Harriet,8
Myra,1
Michel,6
Ola,5
BUET,1
Reddy,8
"Chesapeake,",1
Yoganathan,9
Colo,2
Olu,5
Church,53
Cole,14
Miss,6
Abscess,1
von,31
Nuremberg,5
Rambouillet,1
Viola,11
Brojomohun,1
cuisine,1
Rasky,6
"Rugby,",1
Favoriten,1
Olanipekun,5
Adair,13
AllahDad,5
Pakistanis,2
Lavinia,1
Marengo,1
Kamerlingh,7
Stapenhill,1
British Nigerian,1
Sol,7
Canaveral,1
"Pancras,",1
Congo,1
Shourya,7
Karl,1
O.,1
Landon,1
Zanuck,2
Myron,7
Bladder,1
Marvell,5
Everglades,1
tribe),1
Brando,16
"Ray,",1
Mann,7
artery,1
Marina,4
Palomar,1
Lakshmi,5
Harlins,8
Assamese,8
D'Agnolo,3
OH,1
Methodist,3
MacDonald,1
Methodism,2
Dakota,11
Kingswood,1
erythematosus,1
Ainu,1
DeMille,18
methods,2
Lynn,8
Abibatu,5
Andy,22
Toilers,1
Refai,7
"Hyderabad,",6
"Russell,",1
Giger,4
(Australia),2
Frank,84
Brabant,2
Whittle,4
religion,1
Witten,10
"Rica,",1
Aviation,3
Commodus,7
Brady,12
Basharat,8
Frederick,91
Antonio,34
Pace,2
Akintola,5
Lindgren,3
by,3
(HM,1
Tolkien,4
Pont,2
Pons,5
"Lorette,",1
Mengo,1
Ottoman,4
Rican,1
Agra,2
Katie,1
Christiaan,14
Shaw,2
Carthage,1
Young,1
Diaz-Balart,5
Lakoff,8
Gian,7
Scarborough,1
Sola,10
Bosch,7
Aremu,9
Esher,1
Charms,5
Chatterjee,4
"Polish, American",2
Jacques,1
Aatreya,7
Baptist,3
Ashmyany,1
Firle,1
Pneumonia,50
"Springs,",8
Hamom,7
Jeff,5
Buena,1
Kwame,5
Dadesho,4
"Shanksville,",2
Orff,3
Abhay,4
camp,2
Kellner,4
Jolla,4
Tauranga,1
Sierra,14
Dynasty,2
Manhattan,34
Prusty,8
Haines,13
Dhirubhai,1
Keyamo,5
"Toronto,",1
Gosport,1
Julius,11
"Park,",3
"Aksu,",1
Derby,1
(Elbe),1
"Galveston,",2
Igbekele,5
Bromley,1
age,2
"Haute,",1
thrombosis,4
actor),9
Webber,12
Xavier's,1
Malignant,1
Cardiff,2
Leandro,1
[Indian],1
Mercury,10
Jin,1
"Inglewood,",1
"Opio,",1
Bessemer,4
Undivided,2
"Birmingham,",5
Glass,15
Venkamamba,5
Kochi,2
Salaam,4
Holland,1
Goldstein,10
Candy,5
Itliong,6
Satkhira,2
Livingstone,7
Candi,10
Estonia,1
Keralite,1
"Louis,",9
Ste.,1
Manning,1
race,11
Seattle,3
Prabhupada,10
Earl,38
592,1
Chifley,9
Winchester,17
(Canadian,1
Courtauld,1
LaBeija,7
Paley,24
Isata,1
Royko,9
Charulata,1
Alaa,1
Rees,6
Janet,38
Ogunmola,2
Alan,40
Semra,8
Bartolomeu,4
Reed,11
Reef,1
Tibetan,1
"Northport,",1
Foscari,3
Giamatti,14
Jolin,7
Finchley,1
Elisha,8
residents,1
Religious,1
Woeser,7
Staff,1
Mountain,8
Greenwich,2
Tito,7
Daniels,8
Chilaw,1
Abenao,7
Fish,3
Uka,7
Myocardial,28
Otada,9
Vanderbilt,1
"Aurora,",1
Lonewolf,5
Cadwell,1
Lafitte,7
Lunenburg,1
Stanwyck,9
Gratiot,10
Choi,6
Menzies,1
Chopra,27
Antiguan,1
Chow,11
Madam,1
Shurtleff,1
Marjorie,2
of,952
Lick-Wilmerding,1
Asphyxia,1
Sherrin,5
Bourchier,1
"Brookhaven,",1
"Technology,",1
Nageswara,1
Mokretsov,2
Habbaniyah,1
Aberystwyth,2
"Bartlett,",1
McGill,1
Diliman,1
Friends,2
Pukutiwara,11
Nathan,8
"Canaan,",1
Habiganj,2
Disease,1
Ryan,17
Manikganj,1
Aversa,1
Sarajevo,1
marrow,1
Yasir,10
Polytechnical,1
Annenberg,5
Apple,3
Anglicanism,7
Community,2
Blackpool,1
Denis,1
Greece,4
"Soli,",1
Catholic,35
Ayo,10
Fitzgerald,5
Prinze,8
Ssali,18
English born Welshman,1
Brooks,7
mellitus,1
Doyle,5
Brooke,24
Haven,1
Dubai,2
Asaph,1
Mexican-American,1
Herbert,8
Cardiac,8
Social,4
"Bramham,",1
Cowley,7
San,78
Sam,15
Nacio,1
Typhus,1
Emmanuel,34
Mazrui,11
Omobono,1
Saizarbitoria,3
Vercelli,1
"Bright,",1
Haigaz,6
Ponty,6
Kate,1
Mymensingh,3
Uyana,1
Jessore,2
Rangamati,2
Mills,1
Steinem,1
(pornographic,9
Steiner,4
Deol,4
Timaru,1
Mille,2
Tardets,1
Meirionydd,1
Hayward,12
Vera,1
Technical,2
Breast,3
Ahwazi,1
Dhani,4
Palembang,1
"Rochester,",3
Meek,6
leukemia,4
Freddy,6
Senegalese,1
Patowary,1
Canadians,1
Angola,1
Lotlikar,6
Juliana,12
"Shawnee,",1
Jesus,2
Pandeglang,1
Joseph's,2
Fredric,4
Norma,9
Zarine,4
degree,1
Ajayi,5
Brockenhurst,1
Septimius,1
"Stortford,",1
"(Washington,",3
Bandeira,4
Capel,1
Iran,9
Eastern,3
Bonetta,14
"Berlin,",2
Iraq,6
Suresh,10
Evangelical,3
Qing,3
Horne,5
Roosevelt,3
Oni,5
Aylward,7
Hastings,13
Fadiman,11
Mahendra,1
"Mutitjulu,",1
Godwinson,8
Al-Fayed,1
(computer,6
Anglo,1
Matovu,4
Workshop,1
(Sikh,13
"Columbia,",4
Maksoud,9
"Lancashire,",1
George's,1
Decatur,10
Marbella,1
Shihata,10
Pierce,3
(Henry,1
Nassir,6
Saarland,1
Askew,5
Obaseki,5
"News,",1
Reserve,1
"Gratiot,",8
Montpellier,1
Acquired,1
Agardh,4
Bhagalpur,1
Barisal,1
Marquess,19
"Kaufman,",1
Zober,10
Paris,43
"Miami,",3
Dejumo,5
Mangotsfield,1
Pennington,1
Ogun,12
Jiroemon,7
Ajmer,1
"Caguas,",1
Brittany,2
Minnesota,20
"Delano,",1
Relocation,1
Adesanya,5
River,6
Weyburn,1
Sinclair,12
Paltrow,4
American-Israeli,1
Afghanistan,2
Heller,6
Uppsala,2
Asakusa,1
Joachim,5
"Dina,",1
Paulo,16
Zhang,13
Fowey,1
Roccaforzata,1
end),1
Paula,5
Xinzhuang,1
Vikram,16
Ariana,6
Bergkamp,2
Restoration,1
Andrzej,6
Abramov,5
DelGiorno,5
"Jesup,",1
Nkole,1
P.,49
Singaporean,2
Ethiopian,2
Wegeforth,6
Christ,3
Shkreli,6
Valapad,2
Transvaal,2
Garry,8
Bulacan,2
Neamat,5
Turin,3
Jollee,6
Monmouth,6
Letchworth,1
Vivien,9
Azim,11
"Myers,",1
Slovenes,2
Aziz,19
Trondheim,3
Dimas,7
meningitis,3
Busia,1
Faringdon,1
Gwich'in,1
Kayunga,1
"Wauwatosa,",1
Sir,3
Widener,1
Chodowiecki,2
Battle,2
Titia,7
Blickling,1
McKenzie,3
Pipes,5
Iskander,9
Rebiya,6
Tallinn,1
Torkhow,1
Gothenburg,1
Masaka,2
Yehoshua,6
Afdera,1
Indyk,7
infarction,28
Safer,6
Danny,19
Demetrio,1
Medical,7
upon,2
Grey,11
Myelodysplastic,1
Niven,8
Carmen,7
Kilkenny,1
Jackiey,1
lupus,1
Paretsky,4
Julie,6
"Pukatja,",4
Julia,17
Sontag,7
Colombo,18
New Zealander,1
Tisha,1
Marcia,1
Keighley,1
Hayden,3
Finnegan,14
Zuccari,3
Youlbury,1
Ghazi,7
Flynn,5
Seventh-day,1
Company,1
Eduard,7
arrest,5
Bouth,1
Holybourne,1
Gauthier,4
Kampala,40
Syed,7
"Auburn,",3
Kama,1
Booker,8
Ohm,8
Chandragupta,8
Aarau,1
Chaudhury,5
Nister,8
Kerzner,7
Johnstown,1
Seretse,11
VII,1
Sag,1
Great,45
"Claremont,",1
Mulago,1
Eugene,30
Gedeon,3
executive),6
Lymphoid,1
"Tununak,",1
O'Neal,10
Montana,8
Country,3
Bronner,6
Dannenberg,1
Oldcorne,8
Drath,5
Kikuyu,5
Eden,1
Alappuzha,1
Irreligious,1
Apoplexy,1
stage,1
Chekonidhara,1
Osun,7
Talon,6
Foxworth,1
King-Smith,6
Shelley,9
Altona,1
Panchi,4
"Doylestown,",1
Wallace,19
Pequannock,1
Gujarati,10
Yeungnam,1
lung,1
Magda,1
Olebile,1
Jagadish,10
Creole,1
%22Rochester%22,6
Peredelkino,1
Gurumayum,7
Ajomale,5
Pistoia,1
Billings,9
place),1
Imperia,1
Goronwy,6
Doane,1
Weld,2
"Pendembu,",1
"Alton,",4
Reggie,11
Barbuda,2
Chelsea,7
Walsall,1
Diana,24
Diane,2
Arjun,6
Sargon,4
Wandsbek,1
Celtes,3
Zizi,1
Berkshire,3
Riga,1
Georgia,22
Darwin,6
Imam,5
Whitehall,1
Elsa,7
Utah,11
"Durnford,",1
Allsopp,4
Kulkarni,4
Udmurtia,1
L'Wren,8
Prasanna,10
Scottish Australian,1
Twa-Twa,8
Jacquetta,1
Mansingh,10
Page,9
South,91
Marwa,5
Politkovskaya,8
rule,2
Eadgifu,1
"Ventura,",2
Deauville,1
Tourette,1
Residential,1
Kensington,7
Lifan,8
Boies,10
Prakasam,2
Brinsworth,1
Kravatska,2
Buenos,4
Lodge,2
Pinson,10
Adebayo,12
Tinubu,5
Wajda,6
Reza,6
Shirley,8
"Riga,",1
Iranian,4
Keaton,9
"Minneapolis,",1
Bamiloye,14
Adlai,8
Military,11
Chappaquiddick,1
"Grafton,",1
Dustin,6
Sheikhupura,1
Utkal,2
Moxley,5
Kinsey,8
Turkish,4
Jind,1
"Muscatine,",1
Hever,1
Claude,6
Maharashtrian,1
Bauman,1
Kannada,3
Arsenal,1
Avery,5
Emmanuelle,4
Gunma,2
Gbap,1
Sally,14
Jomsborg,1
Cozier,7
"Altos,",1
Ifti,6
Tuesday,1
Queen,14
Blanchard,1
Doreswamy,8
Godchaux,5
"Roy,",1
Kehinde,1
Seneka,10
Venda,1
Orleans,10
Cranfield,1
Jew,6
Fortensky,1
Health,1
Bulsar,1
Jen,1
Nag,5
Seymour,1
Katugastota,1
Banten,1
Stan,5
Gould,6
Delli,6
Tibamanya,9
Jayakody,6
Waverley,1
Cour,4
Hagan,4
Oyella,9
"Waterville,",3
Swapna,4
"Cherryvale,",1
Muskaan,7
Seales,5
Drouet,6
Abe,6
Holst,3
Viceroyalty,1
in,29
Ralph,34
Bayo,5
Castlemont,1
Abu,13
Berdychiv,1
Bruna,4
Hogan,4
Wittenberg,2
Cissy,1
Wulfnoth,1
Shan,6
Donna,6
DeWolf,1
Welsh,5
Shanavas,1
Tyson,4
Lemhi,1
Zealand,5
fever,4
Cicero,6
"Bay,",2
Alaska,4
Will,7
Q663764,2
Sigizmundovna,1
law,1
Carlos,12
Gunshot,7
"Wayne,",2
Tunisian,1
Epidural,2
Folk,5
Sudeley,1
Haaster,3
(Alaska),1
Eadred,7
"Thomas,",1
Master's,1
Ikoja-Odongo,11
Thomas',1
Filipinos,1
Alprazolam,1
Jiiva,9
Ddumba,11
Inner,1
Catholics,2
Harohalli,1
(Pashtun,1
Dudevant,1
Coimbra,2
Burns,4
Austrian and American,1
"Detroit,",5
Behring,5
Oman,1
Kirchharz,6
Nagpur,1
Ustad,7
Jehan,1
Citizenship,2
Muppalaneni,7
Virani,6
Diosdado,5
Rhine,2
Rawalpindi,2
Samina,8
Cassavetes,16
Menachem,8
Presbyterian,9
Theravada,14
Aubrey,8
Nara,11
Transcaucasian,1
Eritrean,1
Sikhism,6
(sexologist),5
VI,8
Ward,16
Meyer,22
Xinjiang,5
Meitei,9
Harriot,1
Rawail,4
Cambridge,28
September,2
Lussu,13
National,7
Graeff,18
Australasian,1
Uganda,135
Ojo,16
Cooper,11
Bridget,1
Cherokee,3
Malayali,3
AIDS,6
Marrakesh,1
"Elizabeth,",2
Bukoto,1
Shreveport,1
Stanmore,1
Wynne,4
Pike,1
Townhead,1
"Yarra,",2
"Sarasota,",1
Ajit,4
Ceredigion,1
Sendai,1
Berman,10
Gene,15
"Bridge,",1
Gena,1
"Wilmette,",1
Monmouthshire,3
Prost,3
Kitaka,10
Allan,12
Purini,1
Sea,2
Seo,4
Sen,18
Sinhala,1
Downers,1
Rhonda,1
"Isesaki,",1
Alzheimer's,8
(lawyer),9
Emphysema,7
Sugata,14
Ashkenazi,2
Cram,21
"Aomori,",1
Dolkun,4
Isak,5
Wuppertal,1
"Denver,",2
Alberta,14
Arunachal,1
Chongqing,1
Lorient,1
Bakersfield,1
Lucy,24
Bono,8
Bonn,1
"Alexandra,",1
Olivier,1
Halshany,1
Conrad,22
(defensive,1
Bone,9
Bond,10
Hosni,11
Lewis,26
Lugbara,4
Lewin,9
Rupert,15
"Liberty,",2
Ridge,18
Minturn,1
Eldridge,5
"Peapack-Gladstone,",1
Anne,42
Powell,12
Anna,20
Kiel,8
Santiago,1
Democratic,1
Janeiro,27
"Petersham,",1
Brand,6
Ahabwe,7
Sanavongsay,4
Q8195601,1
Didymoteicho,1
Aryana,11
Umur,1
do,1
Lohan,1
di,1
Sfax,1
Bright's,3
de,126
Tremayne,4
Najaf,1
Bahij,7
Soviet,14
Husband,9
"Orani,",1
Perec,3
Moushumi,1
Bildt,6
Muskerry,1
Clinic,1
Perez,7
Corri,7
Clifford,1
Jackson,5
Rusk,5
Rush,1
Sultanate,4
Nohant-Vic,1
"Oxford,",3
Foster,7
Loden,1
Cesare,5
Assiniboine,1
Alcoholism,2
Indonesian,11
"Cranbury,",1
Susan,32
Presbyterianism,2
Water,1
"Millis,",1
drawn,1
Hounslow,1
Nasser,10
Edgar,14
Khyber,7
Burton,16
"Kegalle,",1
Doris,16
"Philadelphia,",15
Daws,5
Queen's,3
"Winsted,",1
Attoh,1
Dawn,1
Engineer,2
Abimbola,7
seizure,1
Nanxi,2
Ireland,33
Alfons,6
"Escondido,",2
Lesbos,1
Kerry,1
Baghdad,1
Koki,8
"Newtown,",1
Kerri,5
Kronor,1
Belize,1
Wear,1
Salford,1
"Huntsville,",1
Harischandra,6
(historic,1
"American, Bangladeshi",1
Nadifa,6
Westminster,11
Sicily,6
Worcester,5
Barthez,2
Cleveland,10
Trent,9
Asfaw,1
Massey,2
Afonso,5
Athens,2
Soltani,4
Dole,9
Falling,1
Shields,10
Olanrewaju,5
Nigerian-British,1
Q4443694,1
Ike,5
"Ithaca,",1
Institute,22
Ph.D.,2
Grayson,1
Zulema,1
on,1
Clementine,1
1974,1
Gresham,1
1972,1
Parma,1
Ming,5
Odisha,8
Paraguay,3
the,103
camps,1
Randolph,1
"Linda,",1
Pete,6
"Greenwich,",3
Sheldon,8
Parkland,1
Missouri,38
Ricardo,14
Toyin,10
Ballistic,2
Frege,7
Oladipo,5
Torres,2
Biyani,1
Vivian,9
"Hills,",32
Gas,1
Gan,1
Gam,1
Nader,7
Adrianne,1
Filipino,7
Leeuwenhoek,5
Tre,1
Caernarfonshire,1
Yunupingu,6
Gerard,14
"Toledo,",3
lymphoma,1
Wine,6
(mountaineer),7
Nabaneeta,9
Fresno,1
Rohri,1
Sybil,6
(singer),17
Mazzini,4
"Farrell,",1
Brandenburg,9
King's,6
"Punjab,",7
Italia,1
Tina,11
"Leghorn,",1
Kharberd,1
Fuad,1
Gurdon,1
Lee,88
Lem,9
Leo,7
Tim,16
Drama,1
Lew,18
Trudell,11
Wilpert,3
Kota,1
School,65
200510648.shtml,1
Punjabi,24
Neal,11
Angkuna,5
Gush,1
Afro-Brazilians,1
Eileen,4
Nadhmi,8
Mennonite,1
Essex,3
Essen,1
Haughty,1
Maki,6
female creature,1
Greifswald,1
Kossoff,8
Henning,7
Zaharoff,4
"Batavia,",1
Vilna,1
Sault,1
Measles,1
"Armstrong,",1
Khama,12
Regency,4
"Linton,",1
Presley,6
Manchu,1
Elena,1
Abdula,2
Saha,15
Bhagat,5
Hesse-Nassau,1
Khashoggi,1
Portadown,1
Dowding,6
Regardie,9
Czech,2
Pangilinan,11
"Youngstown,",2
Dysentery,1
Kaohsiung,1
Madhav,4
Hector,8
molk,3
Blunt,1
Wismar,1
McNamara,9
Shinji,6
"Township,",8
Lymphoma,4
Cremona,2
Strachocina,1
supranuclear,1
Wichita,2
Mash,10
Montazur,9
"Duquesne,",1
Arusha,1
Lakha,9
Mission,2
Jiaotong,1
Yerkes,3
Bertha,6
Mulatto,2
Berthe,1
Avedon,1
Kelley,8
(actress),23
Milner,8
Tabori,1
"Paisley,",2
Republic,40
Nadia,2
Nadim,1
Boyle,7
(medical),3
Bola,10
Highgate,1
Al-Andalus,1
Chennai,11
Burl,6
"Freeport,",1
aristocratic,1
Dominick,9
Burr,17
Gabriellino,1
Bury,1
Poppa,10
Higgins,7
Kigali,1
Neeru,5
Shropshire,1
Tech,1
Teck,2
Georgette,6
Jersey,36
Georgy,9
Parker,16
Merseburg,1
Keith,15
Harrow,2
Duchess,3
Episcopal,13
Adelstein,4
Barcarrota,1
Antipope,3
George,197
Nimoy,2
Sephardi,3
Rico,2
Ahuti,10
Rich,26
Orange,2
Manchukuo,1
Bert,8
Assyrian,3
Blatch,1
Chatterji,11
Sethu,5
Ford,26
"River,",3
Nagalama,1
Berg,7
(horticulturist),10
Hajra,6
Bayswater,1
Non-religious,1
Bern,1
Digges,8
Fort,21
British Indian,1
Iwuanyanwu,5
Karmazin,11
explosion,1
Mineral,1
Daria,1
Dario,1
Benny,13
Berry,4
English,33
Swedes,1
teacher,1
Saul,8
Dean,5
Portugal,6
Bogambara,1
Cynthia,5
Sweden,24
Rivers,7
Percy,6
Abdel,10
Bolaji,5
Swabia,1
Sulzbach,1
Malays,1
"Hamilton,",1
Angra,1
Tanzanian,2
Tiger,10
Heiden,3
Feld,6
Adler,4
(pastor),8
Mount,3
Pitt,10
Narowal,1
(psychologist),3
Bangladeshi-Canadian,1
Genoa,2
Avijit,8
"Richmond,",7
Down,2
Rohit,10
Tjandamurra,7
incidents,2
heart,7
Vietnamese,3
expanding,1
Caliphate,1
Walter,32
Charente-Maritime,1
Kivejinja,6
hematoma,2
Munich,10
Ranipadmini,4
Burden,1
Gail,1
Kottayam,2
Makhachkala,1
(Barbados),1
Timofeyevich,12
Pyrenees,1
Venansius,11
Martin,78
Barreto,5
Model,1
Akiko,2
"Anacortes,",1
Metropolitan,2
Khanate,1
Pleurisy,1
Shia,1
Tijjani,7
Burkal,1
Draguignan,1
Jay,32
Potluri,9
Afolayan,27
Jan,8
Krystyna,1
Trayvon,6
Sheen,1
Nappi,1
Delhi,10
Gazzara,10
"Gloucestershire,",1
(film,6
Avon,2
Grace,6
"Pontiac,",1
Norfolk,5
"Alhambra,",1
Faber,1
Swannesha,1
1957,1
Tower,4
Ludwigshafen,1
"Irvington,",1
Giese,1
Skip,1
Khalid,6
Skin,1
Agricultural,1
Mill,1
Eliot,12
Jakub,5
Lecretia,5
Marathi,6
Museum,1
Fathia,6
Hepatitis,1
Barack,14
Peru,1
Caroline,21
es,4
Carolina,25
Movita,1
Malaria,1
Synovial,1
Vasa,1
Pheruman,11
Geun-hye,1
Norwegian,2
Meguro,1
Ghanaian,1
Renal,5
Lucknow,3
"Lagdameo,",9
Aboona,8
Conti,1
Janmaat,8
Novack,7
Hemant,9
Herbie,4
African-American,12
Langdon,2
Oxenstierna,10
Erik,11
Nettles,7
Hungary,2
Eric,26
Suicide,57
Soto,24
Asia,8
"Blantyre,",1
"Pleasanton,",2
Medicine,9
Hollywood,12
Gbongan,1
Bruckner,3
Galicia,4
Mulwana,7
Bishop's,1
Roach,8
Hirmis,8
Guantian,1
Johansson,1
Woese,7
South African,6
Hrishikesh,10
Jain,7
Beverly,24
Nairobi,11
Pivovar,9
Bhaktivedanta,10
(Waffen-SS),4
Faisal,10
Pabna,1
Hurst,6
Nivola,3
Guwahati,5
Kordun,1
Ekberg,1
Letha,6
Cherry,2
Tama,1
Kohlberg,6
Philadelphia,28
Hieronymus,7
Maid,1
Winnipeg,3
Buggiano,1
Valley,4
Naples,3
Huccha,7
Galatia,1
Posadas,4
Faculty,2
"Puttur,",1
Meghe,1
Thiess,1
Kayanja,8
Blunden,5
Parganas,3
Akin,10
"Lauderdale,",3
investor),6
Pratibha,6
"Hollywood,",12
Truman,6
renal,1
Vojo,4
Letitia,8
"Rosa,",1
Amulya,7
Maithil,1
Cossack,1
Kagonyera,9
Deshpande,4
Wee,5
Krushnaji,4
"Hagatna,",1
Sulley,1
"Cuero,",1
Muhajir,1
Southwest,2
Chautauqua,1
Kansas,19
"Watonga,",1
Egon,6
Kansai,1
Marsden,7
Luther,2
Ahmad,28
"Asheville,",1
Pachaiyappa's,1
Adelakun,6
"(city),",6
Villa,1
Felix,23
Nagari,7
Heston,11
Allen,19
Pritzker,7
Arbor,1
"Christina,",6
Mencken,7
Appu,16
Kladno,1
Noonuccal,9
Cree,1
Krasnodar,1
"Abuja,",1
Bobi,6
Zavattini,5
Rakai,1
Dias,4
Mikhail,11
Berlin,8
Rakaw,1
Leeds,3
Vassar,2
Wickramarachchi,8
Njoku,7
Dinah,1
Gluck,1
Johnson,9
"Concordia,",1
Aydar,14
Vrindavan,1
Kamran,5
(U.S.,3
article,1
Hansen,3
Anshu,7
Malaysia,3
Dunn,16
Vesalius,12
Death,24
Jeremy,8
Varanasi,1
Divorce,1
"Casino,",1
Dunchattan,1
"Newburyport,",1
(USA),1
"Lebanon,",2
Yiga,4
"Kampala,",1
Cornwell,8
"Lincoln,",5
Tompkins,7
McWilliams,7
Melanie,1
Nuclear,1
Beti,9
Prostate,4
Six,1
Friuli-Venezia,1
Apeldoorn,1
Portsmouth,1
Haran,1
Vincent,26
Sothern,12
Kenneth,34
"School,",4
Tamil,13
"Kalka,",1
"Jacksonville,",1
Reina,1
(director),11
Cumberland,2
"Rochefort,",1
Principality,1
Dick,18
Peninsular,1
Carrera,7
Somali,1
Israel,17
Sixth,2
Bohyo,5
Arden,7
Alessandro,5
Charm,5
Carol,25
Tsutomu,6
Fertitta,7
Saladin,11
Gilma,1
Witkoff,6
Shadd,7
"Edinburgh,",1
"Henderson,",2
Aida,1
Taraki,7
"Fairbanks,",1
United Kingdom,2
Madhusudan,9
Nephritis,3
Playhouse,2
Pontifical,1
Woodroffe,7
"Baker,",1
Schenck,1
typhus,1
Lesley,1
Lindholmen,1
Langkat,1
Liana,1
Liang,13
Itesot,1
Gudur,1
Senior,1
Sterling,2
death,1
Wachner,4
Kulmbach,4
Tyumen,2
Hernando,19
Khachikian,10
Minna,7
MacTavish,8
College,127
Tour,1
Luxembourg,1
"Peking,",1
"Pingelly,",1
Marburg,1
"Minturn,",9
"Ridge,",1
Ingels,7
Hackl,6
(Kandy),1
Minneapolis-Saint,1
Kevorkian,7
Dynevor,7
Nafis,5
Mark,19
Imdbname:0467385,1
Denbighshire,1
Alfred,53
hemorrhage,6
Devendra,11
Mary,91
"Center,",2
"Moines,",1
Government,6
Llewelyn,5
"Parrott,",1
Vaughn,5
"Queens,",2
Chilean,2
Italian - Lebanese,1
Saquarema,1
Queens',1
Hyderabad,13
Ashraf,1
"Marshalltown,",1
Eastwood,13
Aarti,4
Blaine,14
Redman,7
"Phoenix,",1
Ade,6
Pattabhiram,1
Adi,6
Gardens,1
los,1
Walsingham,8
Vaud,1
Lhande,8
Lodomeria,1
Boffo,3
Akure,1
Contessa,8
Azad,8
Ambrose,3
"Cerrito,",1
(playwright),7
Maiduguri,1
Calcutta,17
Ruskin,1
Telangana,13
Century,2
Colgan,1
Belarusian,1
Marston,7
Chandiru,8
M.I.A.,1
aneurysm,1
Razaf,4
Ayan,4
Cemetery,1
Quaker,1
Banja,11
Eso,5
Ferdinand,6
"Newport,",4
Sayers,7
Monica,12
Jake,11
Garroway,7
Almohad,1
Annet,6
Gavriel,3
Merthyr,1
"Westminster,",1
Chur,1
Amadeus,8
Marlon,14
Colon,3
Law,33
Las,7
Gauteng,1
(merchant),6
Roscoe,5
Bewdley,5
Fernando,8
Leukaemia,1
Plymouth,1
Minsk,2
Madox,6
Sun-il,7
Frome,1
"Creighton,",1
Mexican,3
Fromm,8
Modern,4
Appendiceal,1
"Anne,",8
Perinthalmanna,1
Rosamond,8
Melvin,8
Hidesaburo,7
Sudono,9
Wenham,1
Wayland,7
Ancona,1
Moses,4
Schmidt,17
Afghan-American,1
Brown,24
Ralston,7
Sarupathar,2
Ella,12
Piscataquis,1
"Bessemer,",1
Elly,6
Nirmal,7
Natwick,8
Goffman,11
"Middletown,",1
Hancock,4
vera,1
(Argentina),1
"Memphis,",1
Bowling,7
"Teaneck,",1
Salt,4
Cambro-Norman,1
Enzo,2
Gwen,13
Bentley,3
"Stratford,",2
NWFP,1
Wilder,14
Banyuwangi,2
Karamchedu,1
Canara,1
Fiona,3
"Pottsville,",2
Jessel,1
"Shreveport,",2
Bushenyi,1
"Utica,",1
Marceau,1
Korea,8
Vijayawada,1
Buckingham,1
"Orleans,",2
Prabhu,11
Janakpur,1
Rieff,1
(pharmaceutical,6
Efrem,11
multiforme,1
Busoga,2
Ofungi,5
Jews,64
Northampton,2
Collingsworth,10
Joan,12
Victor,12
Melanoma,2
Castaneda,1
Istanbul,4
Gopichand,4
Parish,1
Clarke,12
S.,81
Sattar,6
Inglis,16
Sarojini,15
Wilding,6
Acholi,6
Mestre,2
injury,3
Gopalkrishna,1
Gunibsky,1
"Paris,",1
St,16
"Galesburg,",1
Rebekah,5
Payen,3
Imperial,3
Oral,1
Tartu,1
Stump,6
Shri,1
Orosei,1
Pentecostal,1
Tierney,7
Strangulation,2
Reeta,6
Divakaran,6
Olayiwola,1
Yucca,1
Mbarara,4
Legendre,6
"Sanibel,",2
Falk,11
Hemanta,8
Barrett,2
Lower,4
Uddin,1
Ejike,6
"Taneytown,",1
Benji,1
Franqueville-Saint-Pierre,1
Syria,4
Bavaria-Landshut,1
Eloise,10
"Aginskoye,",1
Mexico,7
Sweet,1
Cassini,1
Sassari,1
"Callan,",1
Film,6
Fickett,7
Domenico,3
"Helena,",1
Illinois,69
"Victoria,",1
"Maryland,",1
Diaz,4
Afroz,1
MIT,2
Confederacy,3
"Williamsburg,",1
Muganda,4
Habsburg,2
Ophelia,1
lateral,1
Marlborough,1
systems,1
"Taos,",1
Anandam,1
Surgeon,1
Giacomo,6
Pilot,1
Pancreatic,16
"Nyenga,",1
"Suwa,",1
Olusola,6
Bournemouth,2
Imo,2
Nalanda,1
Dominic,6
Ongwen,5
Indian,184
Axel,9
Liam,9
Sung,10
Mandingo,4
Towson,1
Venkatesh,10
Koggala,1
"Valdosta,",1
"Washington,",29
Peaceful,5
Falcone,8
Engine,1
"Paso,",3
Danby-Smith,1
"Cowra,",1
Everett,6
Kawalya,4
Dayananda,4
Waheed,5
"Manly,",1
Town,4
Q21891448,1
Tonga,1
Ventouras,2
Breda,1
Capaci,1
Ballardong,1
DeAngelis,6
Tucson,2
Fosse,1
Brahmanbaria,1
Sukhumi,1
Josephine,2
Boston,14
Abeokuta,7
Bron,3
Upali,8
Corbeil-Essonnes,1
Bangka,1
"Creek,",1
Burgas,1
Mapo,3
"Sacramento,",1
Keisha,9
Fabio,1
Jeremiah,8
Omafume,5
Groisman,5
Delta,8
"Arbor,",1
Budden,1
"Lagos,",4
Fries,3
Ventura,1
Lancashire,10
(surgeon),12
Searle,9
"Texas,",1
Muljibhai,8
Pippa,1
Limerick,4
Maykin,13
Serafin,7
Cecil,17
Defence,1
Gok,9
Mumbai,27
McGee,1
"Cruz,",1
Goa,2
Paolo,1
Douglas,38
Penn,6
concentration,2
Kamal,7
Murdoch,1
Alur,1
Gor,4
Witt,1
Nandana,1
Grafton,1
Galilee,1
Nevis,1
Bertolucci,6
Afro-Jamaican,1
Go-Suzaku,1
Rhyl,1
"Monroe,",1
Drygalski,2
Lucinda,1
Hagin,7
"Windsor,",3
Neugersdorf,1
Kentucky,15
Chief,1
Ottawa,1
Guyana,1
Aviva,1
Grodno,2
The,25
Bridge,1
Johns,3
Abdul-Malik,8
Nanjing,1
Calmette,7
Chartered,1
Springs,5
Fisherton,1
McKiernan,1
Johannesburg,2
"Muskogee,",1
Mutungi,8
French,31
Afro-Brazilian,1
Traffic,1
Mandate,2
Michelle,14
Buonamici,3
Bonium,9
Eaton,9
during,1
Navarre,1
Margot,1
Detlie,1
Sanjaya,7
Recanati,1
Electorate,1
Politkovsky,1
Bombay,4
Rochester,3
Franco,29
France,39
culture,1
Cheyenne,1
Gibbs,5
Isfahan,1
Rosey,6
Henley-on-Thames,1
Morrison,10
Stenbock,1
Ray-Jones,7
Park,35
Parr,10
Tuberculosis,9
Lutpulla,9
Tehran,3
Wirtz,12
Southampton,2
Brahmin,2
Sanu,5
Politician,8
Isabelle,1
Halisahar,1
Pharcellus,3
Sand,8
Dengue,1
Tuskegee,1
Sani,10
Neighborhood,2
Hari,7
Hare,1
Briscoe,5
Steve,33
Kagezi,12
Hart,2
Graham,3
Wan,9
Mastoor,4
(Gunpowder,1
Mt.,1
Estoril,1
Pandurang,4
War,3
Shaker,1
Goto,9
Paktia,1
Ajay,8
Bolocco,1
Moss,8
Rajasthan,3
Astrid,3
Knowles,9
Women,1
Edgware,1
Thorne,7
"NJ,",1
"Falls,",3
Agabekov,6
Hassan,5
(librarian),4
(19th,1
"Wollstonecraft,",1
(field,1
Pennsylvania),1
Heerenveen,1
Gibsons,1
Hoolboom,6
"Decatur,",1
Sicilies,1
Ahitagni,1
"Yenimahalle,",1
"Glendale,",1
(cinematographer),6
Luke,10
Chilakamarti,5
Indigenous,7
Tel,5
Phyllis,2
California,330
Clive,13
"Salmon,",1
Wagstaff,9
Jolie,1
"Dawson,",2
Technology,10
myeloma,3
(Uganda),1
Dennis,28
"Davis,",2
Tjapaltjarri,16
Bernard,2
Tyler,5
Pamela,13
Giulio,3
"Iperu,",1
Pinang,1
Woolsey,7
"Montauk,",1
Ethnic,1
Neale,5
Hertfordshire,7
Thornton,7
Adelbert,9
Davidman,7
Billy,9
Abbey,1
Antigua,2
Surat,1
Madeleine,3
Simkins,7
"Gauripur,",1
Farooki,8
Alexandria,6
Cincinnati,3
Spirit,1
Spinal,2
Systemic,1
Puerto Rican,1
Finn,6
Baeza,1
Fine,1
Walsch,5
Little,13
Oldendorf,1
Hanafusa,7
Plains,1
"Athens,",2
Carole,7
Zheng,8
Magdaluyo,6
Moscow,11
Gokul,9
d'Axa,5
Kashfi,1
Odia,7
Massachusetts,69
Winters,15
Protestant,3
Economics,3
"Plain,",1
Ganesh,10
"Cognac,",1
Seonsan-eup,1
Businessman,3
Taylor,44
Rafiuddin,4
Mekki,6
Catherine,48
Mazisi,5
"Cheraw,",1
Sarkar,8
Elk,1
Honeyman,1
Baron,17
Makerere,38
Bansi,8
Thein,1
ZARIA,1
Ruth,21
Boulder,1
Norman,18
Normal,2
"Gasport,",1
Kitty,11
Shibin,1
Arkan,4
Gobert,7
Katharine,1
Nzeyi,8
Rima,1
Tuchola,1
"Beauchamp,",1
Tommy,1
Adrian,1
Switzerland,4
Kegalle,1
Dropsy,1
Irish,18
Helens,1
Murray,2
Fazle,13
Helena,1
Sjumandjaja,9
Aksamit,3
Florence,15
Dokkum,1
Hampshire,9
Borgorose,1
Aviv,5
Edward,131
Maneck,8
kidney,1
Lazzaro,1
Kazan,15
Khunti,1
"Plains,",1
A.,41
Trippe,8
Karunaratne,9
Heinrich,6
Gerry,4
Stanford,5
T.,17
Rugumayo,11
Simpson,13
Al,24
"Suffern,",1
Empress,1
Wijayatunga,6
Aw,11
Village,1
"Bristow,",1
Watkins,4
Warsaw,4
"Niddrie,",1
Zeffirelli,10
Friesland,2
Zehou,9
Bengal,49
Gig,1
Lara,5
Gia,7
"Reno,",1
Gil,9
Bazabeel,4
Seneviratne,9
Baroness,2
"Bathurst,",2
Montreal,2
Nor,4
Irvin,1
Bergamo,2
Canadian,29
Mangshatabam,5
Dolores,1
"Charlton,",1
Charlotte,2
Nubar,5
Oyetoro,4
"University,",6
Grinnell,2
Schuylkill,1
Partner,1
Solebury,2
Shabani,5
Odimegwu,5
Lakota,1
Bischofswiesen,1
Bath,1
Gwenn,8
Raton,1
Zulu,1
America,11
Swift,8
Polish-Brazilians,1
Wheelock,1
Polanski,2
Greek,2
Ssentamu,11
Arua,1
Arun,6
Saikat,7
Armand,14
Boleyn,10
Vakil,10
Farris,1
Palace,9
Kadaga,11
Ahn,4
Bach,3
Theodore,8
Mapanje,6
Gundry,5
Arabic,1
Protestantism,3
Blake,6
(trade,6
Doctor,3
Hindu,19
Mexicali,1
"VII,",9
Kirk,1
Gyeongsang,3
Clovis,9
Florey,7
Ossetians,1
Heather,1
Rita,19
Voluntary,1
Catherine's,2
Aliker,12
Musisi,9
Lenn,1
Mullaithivu,1
"Troon,",1
Denmark,13
Ejiro,5
Visconti,9
Claire,1
"Bluffs,",1
Alfazari,5
Keimer,5
Bache,5
Bibile,10
American-Canadian,1
Birmingham,9
VIII,2
"Grove,",5
Wilmer,6
Nevada,8
Israeli,6
Zahn,9
"Marengo,",1
"Gibsons,",1
Dunham,1
Pembury,1
Raqqa,1
Urich,9
Reservation,3
"Chattanooga,",1
Gorm,1
Lionel,7
Philipp,3
Osas,1
Joel,4
British,255
Roman,48
Guardino,5
Nicuesa,2
Preguinho,1
Joey,6
Munasinghe,6
Kirkkonummi,1
Wilson,17
Nicky,8
Gulzar,11
Brandeis,5
Smith,41
Phillips,20
Ceylon,4
Pedro,4
Jagiellonian,2
Noyk,6
Multiple,3
Odets,1
"Plymouth,",1
Khanna,10
Sing,6
Alice,37
Schulman,5
Shila,1
Voivodeship,2
Miami,7
Brother,1
Zamboni,8
Sindh,8
"Claro,",1
Sudeep,7
(medicine),2
McNear,6
Murali,6
Loader,3
(Wardak),1
Vladikavkaz,2
Vimmerby,1
Skanderborg,1
Madden,1
"Weyburn,",1
Fidelis,4
Castile,3
Antara,5
Juliette,6
Kirya,9
Cochin,1
Haifa,1
Bigombe,9
Ives,7
Hangzhou,1
Anite,9
Eisenberg,10
Prevost,12
Anita,21
Akhatov,14
"Ford,",1
Owen,2
Adrien-Marie,6
"Edna,",1
"Nidamanur,",1
Strindberg,8
"Olmsted,",1
Whitehead,4
Managing,1
Zaria,1
Oldpark,1
Ighodaro,1
Boris,14
Soyinka,5
"Pipalyatjara,",1
attack,25
"Gumi,",1
"Marietta,",1
neck,1
Wallechinsky,7
Vineyard,1
Blije,1
Chattopadhyay,9
Macmillan,12
Pilckem,1
Akbar,9
Lima,6
Kashmiri,2
"Tuskegee,",1
Richard,93
Huntingdonshire,1
Stourport-on-Severn,2
Development,10
Lebanese American,1
Patterson,9
Issenheim,1
Rollins,8
Kanzius,8
Billie,3
"Pass,",1
Q3509841,1
"Brudzewo,",1
Tambunan,1
Sameer,5
Hannelore,1
Adegbite,9
Sharkey,9
"Hailey,",1
Karuhanga,13
Suzhou,2
naturalized American,1
Bordallo,13
Passo,1
Harlan,1
Mukono,5
Sonny,1
Ian,29
Tara,1
"Alturas,",1
Lakhwinder,9
Harthacnut,6
Randy,8
Abuja,1
Public,7
Intha,1
Q15700743,1
Hijuelos,7
Cottage,1
Medici,8
Okoye,7
Enteritis,1
Jackie,9
Stella,2
Hague,3
Gorham,7
Italian,15
Forges,6
deMille,1
Sawalha,11
Sepsis,1
Zimbalist,12
"Horhausen,",1
ValuJet,1
--03-06,1
Perth,2
Yerba,1
Abbeyleix,1
"Omaha,",4
Elias,3
(Pakistan),2
Sr.,31
Dowling,1
Peju,2
Crasta,4
Isabella,1
Pollin,7
Jalpaiguri,1
Jenkins,8
Good,2
Wisconsin,15
(historian),8
(surname),1
Craker,4
Piasecki,8
state,2
Harvard,24
Malawian,1
(Pakistani,2
Sri,30
Lesmana,1
"Levin,",1
Devdas,12
Remarque,1
Gable,11
Aegean,1
"Mumbai,",2
Aditya,12
Tubman,6
Middlesbrough,2
Woods,6
Melford,1
unionist),6
Ramachandran,7
Patton,3
Madhvani,15
Rosenthal,9
Los,158
Music,6
Low,1
Oshin,5
Lou,1
Sisa,1
Leukemia,7
Scotch-Irish,2
haemorrhage,2
"Shiloh,",1
Mansfield,7
Groningen,7
Reis,1
Wellington,4
(island),1
Duesbury,8
Fonda,18
Ann,42
Malmedy,1
Giichi,5
"Buffalo,",3
Brandenburg-Ansbach,1
mythology,3
"Burlington,",1
Hayley,10
"Lynchburg,",1
Harpurhey,1
Shanghai,3
Catiline,3
Hinduism,27
Hughes,4
Akan,1
Lobo,5
Bear,3
Ironside,3
Fasanmi,5
Kandiah,8
Oxford,36
Satyajit,6
Coral,1
Gaborone,1
Malone,8
Kafidipe,5
Walley,1
"Springfield,",2
Serginho,5
Motswana,1
Probolinggo,1
"Lexington,",3
"Dunkirk,",1
Heywood,10
Stern,14
"Piqua,",1
Provinces,2
Erskine,8
Sargent,1
Sunday,6
Murri,1
Bloomington,1
Texas,52
Stulberg,6
Porter,4
Bellevue,1
Ekwe-Orlu,1
Wadlow,7
Swamikal,8
Helmut,13
Kandy,7
Dorset,3
Kamala,9
Saltykova,1
Kangema,3
Nelson,12
Kokkuthoduvai,1
"Province,",4
Kushal,8
Jamaica,3
England,124
Cady,9
B.,38
"Elmhurst,",1
Azerbaijan,2
"Keren,",1
Jasper,1
Naga,8
Polish,7
Rumi,5
Ranald,1
Albrecht,8
Gastric,1
Mason,14
Gaskell,8
Waldburg-Sonnenburg,1
Q3411612,1
Jabbie,1
Bohemia,3
Cleves,9
Christensen,3
"(town),",2
Enrico,6
Ivanava,2
"Church,",1
Bryans,1
Killed,1
Bryant,1
Anantapur,2
Angers,1
"Temuco,",1
Scleroderma,1
Pfaff,1
"Clara,",1
Cheshire,1
Stanley,34
Seminary,2
"Lismore,",1
Curtly,3
Johnny,14
Pashtuns,1
Peabody,1
US,2
myeloid,2
UK,4
UC,2
Eriyo,7
Huila,2
Bukhari,7
Internal,1
"Houston,",2
Jurist,1
Chumki,1
Alabi,6
Dayton,1
Secular,1
Irish-American,2
Valois,8
imperial,1
Vegas,6
vein,1
Portal,3
Bradford,1
Manitoba,3
Gudrun,1
Faustina,5
Sivaram,7
Coalition,1
Rutgers,3
Gangopadhyay,9
Srijato,4
Hesse,1
territory,1
Korematsu,11
Aorta,1
Ongole,1
Berengar,3
Sucha,1
Kristina,1
Honecker,10
Dodds,10
Barbiturate,4
Lake,14
Orissa,1
Rehe,1
Writers',1
Hymes,3
Banerjee,12
Amala,1
Northridge,2
Geneva,1
Jr.,80
Million,5
Rostand,4
Giles,2
Waremme,1
Luo,2
Eire,1
Bidisha,6
Morgan,29
Melville,2
Changiz,9
Venkatarangayya,10
Bettine,1
"Wells,",2
Engels,7
"Payne,",1
Spanish,20
Kigezi,5
Ohameze,5
Augsburg,3
Mihani,7
Zululand,1
Paulette,11
Potti,1
"Wichita,",2
Frontier,1
Galeazzo,8
Kirati,1
Schenkl,1
Toledo,1
Bailey,7
Tenby,2
"Murdoch,",1
Badal,13
Liverpool,8
Plata,1
Klein,6
Rubbia,5
"Somerville,",1
Netanyahu,11
Shigeo,6
"Finnish, American",1
trauma,4
Bren,10
Waterloo,1
Michigan,49
Kazem,1
Bree,6
Tomi,6
Silverheels,12
Troth,7
Thomas,117
Hopper,22
Garat,6
Shyla,5
Margrave,1
"Ojai,",1
Nepalese,3
Deventer,1
Urbino,1
Kamuli,1
Strasbourg,2
Christie,7
Smit,3
"Amarillo,",1
Poles,1
"Biscayne,",1
Ramla,1
Oise,1
Clerkenwell,1
Arizona,17
United States of America,5
Hartford,1
Baumann,1
Swetes,1
Anselme,3
Irwin,12
"Mashpee,",1
Ohio,43
Curry,4
"Manchester,",1
Atria,6
Vaishnavism,1
Ashgabat,1
Bronchitis,1
(ethnic,1
Chakrabarti,6
Lyon,8
Morfydd,1
St.,41
Meegeren,8
Zhukov,10
Letelier,8
Romain,1
Middlesex,11
"Santiago,",1
Howrah,3
Potassium,1
Biraaro,9
Loire,1
Dawn-Marie,7
Priya,6
Carbon,3
Johanna,1
Greenberg,9
Bronfman,6
Bodmin,1
Omotola,8
Malineni,4
Sebring,6
Omobolanle,12
V,14
Imphal,14
Purwa,1
Shui-bian,8
Bindi,1
Fraser,18
Dehradun,1
Kabbah,33
Snider,1
Shesh,9
Eluru,2
Lin,16
Donkor,11
Lakara,6
Masroor,6
"Neunkirchen,",1
Aklanon,1
Phoenix,5
Kao,7
Irving,9
Edmond,17
Jack,44
Kay,4
"Trujillo,",1
Hepatocellular,1
minority,1
Vidyodaya,1
Castro,10
Perintalmanna,1
Esther,6
Leicestershire,2
Raimundo,6
All,1
"Jose,",4
Ali,54
Civil,3
U.S.A.,1
Uttar,5
Uppland,2
Monroe,5
Faye,1
Chioma,12
Brook,1
Laurence,7
"Tulsa,",5
Hetti,1
(Portugal),1
"Ealing,",1
Rajshahi,1
Richter,13
"Gardens,",2
Lere,5
Helen,27
Moratuwa,1
Bowes-Lyon,1
"Bronxville,",2
Bobby,8
Ratwatte,12
peoples,4
Richa,9
Shulgin,7
Riche,1
Bobbi,1
Marseille,2
"Filley,",1
Cairo,10
"Bush,",1
Ningxiang,1
Milan,6
Scheider,9
Seitz,10
Dera,1
Grable,10
"Harbor,",4
"Shaunavon,",1
"Winnetka,",1
Anmanari,6
Jadavpur,1
Musa,9
HMP,1
Karnal,1
Pier,1
India,120
Dodi,12
Havering,1
SilkAir,1
Watertown,2
(neuroscientist),9
USSR,1
Planer,7
(Indian,10
Clinton,9
Kajubi,14
Miura,5
"Rome,",1
Nair,13
Sudden,1
"York,",13
York),2
Swahili,2
"Iraqi, American",1
Serbs,1
Buddhist,1
Buddhism,18
Villanova,1
Bunt,1
Toussaint,1
Etienne,1
Moivre,6
Hanson,4
Mesa,1
Desert,2
"Hall,",1
"Middleton,",1
Drito,7
Anillaco,1
Caracalla,5
Balliol,5
Nazli,1
Canberra,1
Craig,1
Kalpana,1
Gifford,1
Colin,7
(Northern,1
Haryana,1
"Waterbury,",1
Shelly,7
Cockpen,1
Johannes,8
lymphoblastic,1
Pickering,1
Attilio,1
Butiama,1
Schneier,5
Corsaut,8
Egyptian,10
Nilka,1
Caterina,1
Albert,34
Cochran,8
Devon,5
Patrick,8
Ramanaidu,2
Algerian,1
Cannell,6
Knight,4
Journalism,1
Ludlow,1
Austria-Hungary,9
Agronsky,6
Moradabad,1
Aneurysm,2
Journalist,2
Cutler,2
Ivan,2
Alabama,12
Bernie,6
Attorney,1
"Kennedy,",1
Crow,8
Philippine,1
Vinita,7
Oluwole,5
dos,1
Copenhagen,1
Bowne,10
Sabri,1
Weill,1
Qashliq,1
Watse,5
Halford,6
"Calcutta,",1
Lain,7
Frei,7
Shafik,5
Free,6
Fred,25
Pascua,1
Suttner,6
Pembroke,1
Aomori,1
Albanian,1
Dayo,4
Jeffreys,5
Adenuga,11
Gloucester,2
Fuqing,1
McMahon,1
Washington,32
Anatole,8
Anatoli,7
Bello,1
District,50
Belle,15
Hospital,17
Christianity,21
Debbie,1
Sydney,14
Buchalter,7
Butler,5
Putnam,11
Rui,1
"Newcastle,",1
Took,4
Kosofe,1
Central,6
Goyen,1
Iyabo,5
Sylhet,6
"Radford,",1
Lindbergh,15
Wilma,8
Protectorate,2
Tolochenaz,1
Pneumococcal,1
McDonald,7
Hypertension,1
Mojlum,7
Syrian,5
Bromsgrove,1
Carlisle,11
Corelli,3
Ukambani,1
Lenox,1
Epileptic,1
Papal,4
Lorraine,1
Eddine,4
C.,45
Rennell,4
Coen,5
Gladys,8
Acadia,1
Minogue,4
"Gloversville,",1
Saumur,1
"Dutch, US",1
Dunstall,1
CA,1
Berkeley,8
"Cadiz,",1
Yang,6
Epstein,6
Stuart,18
Yano,2
Field,3
Provancha,2
Dollan,8
Persian,1
Bidar,1
"Collins,",1
"Edmonton,",2
Scuola,1
Severus,1
Nan,1
im,1
euthanasia,1
Naz,6
Stonycreek,3
"Nevada,",1
Heidelberg,6
Georgetown,4
Jeffrey,7
Mauritian,1
V.,22
Boiling,1
Zimbabwe,1
Bolden,4
Tatum,1
Homi,8
Opio,10
Jakarta,7
Qualley,1
"Ciro,",1
Kyambogo,1
MacArthur,3
"Oakton,",1
Bhadra,7
Hanratty,7
Decapitation,3
Native,5
Quilon,1
Griffin,2
"Solvang,",1
Pescia,1
Calvinism,1
Eunice,15
Xi'an,1
Dhubri,1
Aquarium,1
Bose,46
Merali,5
"Agana,",1
Anhalt-Zerbst,1
"Hrabove,",1
Peixoto,8
Roberts,23
Sidon,3
Farrow,6
Browne,8
Art,7
Tirap,1
Barker,1
occlusion,4
Are,5
Bhimaneni,5
Prince,13
Guildhall,1
Boon,10
Ranjith,7
Beem,7
Weapons,6
Moynihan,8
Arvind,6
"Jones,",6
"Lynn,",1
Sohar,1
Saroj,5
Weleminsky,10
"Burbank,",6
Vadim,1
Dunne,11
Aminul,5
Snell,7
Dunni,5
Irish by birth; American citizen by naturalization after immigration,1
Galarrwuy,6
Prison),1
Nambooze,11
Mandeville,1
Austria,21
Cholera,3
Cameron,4
Junkin,10
Chandrasekhar,6
Lehman,7
"Inkster,",1
Gretha,3
Jeannette,9
"Fowler,",1
Junghyo,4
Allied-occupied,1
Bitamazire,6
Salami,1
Shawl,5
Kushtia,2
Gwyneth,4
Jorhat,3
Torquay,2
editor,1
Herman,27
Dade,13
Nagano,1
Abdillahi,6
Theology,1
failure,38
"Lynbrook,",1
Dadu,1
Jean,38
"Nara,",1
Lindfors,1
Muriel,2
Neutrino,10
Pinto,4
(Christianity),1
Romanian,1
Gerber,5
Tsybikov,8
Lanuvium,1
Kimsey,1
Highway,6
Gazi,5
Arthritis,1
Andrew,56
Olga,2
Mwariama,9
Andrea,11
"Ballintemple,",1
"Hadley,",1
Hunt,11
Arnold,30
Rensselaer,1
"Pleasantville,",1
Iroquois,1
Niyogi,1
Win,7
Wil,1
Pittsburgh,5
Second,3
Babirye,9
"Nuys,",1
Throat,2
Turtledove,5
Hmong,1
Tanga,1
Nederlander,1
Madras,3
Hynie,1
Chusovaya,1
Pinchot,27
Desmond,5
Louisiana,24
Neath,1
Khot,1
Kazbek,7
Kunzru,7
Brahmoism,1
Mondo,9
Atlanta,3
Batswana,1
"Yukon,",1
Chiara,2
Eichmann,8
(European,1
Cappadocia,2
Brajlal,1
Abram,1
Agrigento,1
"Hartford,",5
Katragadda,8
editor),7
Collier,1
Camaragibe,1
Melegnano,1
Steele,5
(county),1
Darrel,6
Haque,6
Lago,1
Schine,9
Head,2
Orthodox,9
Kiwaatule,1
Nantaba,8
Omidina,4
Unorganized,1
Tess,5
McClintock,7
Bill,23
Tuscany,1
Presidency,30
Khadija,5
Dafydd,2
Pfeiffer,1
Gerasimov,1
"Kielce,",1
Anand,18
Gampaha,2
Konstancin-Jeziorna,1
Baldwin,15
Praskovia,1
Tabassum,6
"Griswold,",1
Hale's,1
Coluccio,3
Donath,5
Basant,7
Soei,6
Australia,43
estate,16
Springburn,1
Q1061677,1
Shakargarh,1
Clemens,20
Ben,27
Bel,2
"Wilkes-Barre,",1
Orlando,8
Complications,1
Dvina,1
Brad,4
O'Malley,2
Duke,19
"Packard,",1
flu,1
Pacific,5
"Louisville,",2
Abner,7
Batt,1
O'Brien,16
Frans,6
Basing,4
Sharon,1
Serowe,1
Pattanayak,10
Zechen,5
"Hagersville,",1
Forbes,14
Dutch,22
Damon,4
Caillaux,1
Marivan,1
Pym,3
Tjulyata,2
Beckwourth,8
Yale,14
McClendon,8
Shoes,7
Edd,6
Baden,1
Edo,5
Isabel,1
"Darlington,",1
Leslie,16
Minufiyah,1
Edy,1
Mississippi,14
Moeller,13
Finney,5
"Salina,",1
Obadare,5
Harpenden,2
(settler),1
"Smithfield,",1
(Switzerland),1
"Poteau,",1
Suleiman,7
Psychiatric,1
Regis,1
Hertford,1
Guatemala,1
World,1
Ponca,1
Purchase,1
Chelny,1
Llwyn,1
Birand,10
Kyle,8
Alliance,1
Normandy,12
Rhinebeck,1
Weishi,10
"Worth,",1
Serajuddin,8
Ghulam,11
Turnbull,3
Badham,3
Amstel,1
Khandavalli,1
"Millstone,",1
Haardt,1
Dylan,8
Lwanga,7
Bauerdorf,6
Aishwarya,5
3rd,6
"Fernando,",1
Denholm,8
Theresa,1
Kea,1
Wycombe,1
Aires,4
Key,1
Airey,10
Commerce,1
Stone,28
Jude,5
Judd,6
Judy,2
Hyogo,1
"Joliet,",1
Luigi,7
Maharashtra,16
Stony,1
Anglo-Irish,1
Traverse,1
Leuven,1
language,18
Baku,1
(independent,7
Elder,9
"Atlanta,",3
Fakhri,6
Huntington,1
Adelaide,2
Vitteaux,1
Aberdeenshire,1
Manorbier,1
Educational,1
Graeme,4
Yao,2
Black,21
Levy,6
Hoffman,16
Levi,13
Janette,1
Polytechnic,1
Pitigliano,1
speaking,4
Thurman,7
Martyrs,3
Fortune,1
Devi,11
Kaiserslautern,1
Miles,6
"Kediri,",1
11,3
10,1
Adekola,6
17,1
Teresa,1
Mangalorean,5
Marike,1
Ayub,7
Funchal,1
Jonson,5
Adeyemi,8
Court,1
Jaipur,2
Temuco,1
DC,3
Tarikonda,5
Jaberi,9
Murphy,1
squad,1
impersonator),3
Thora,9
Kalistoru,1
Thokchom,9
"Cleveland,",4
D.,17
Deinde,5
Suffolk,4
Amsterdam,6
Coogan,1
obstructive,3
WE,1
Barry,26
Assassination,4
Kent,10
Stephen,64
Condit,6
Terry,8
"Weatherford,",1
Province,29
Hull,7
Stenz,5
Wu,1
Studio,9
Colonial,2
Fisher,14
Seiferheld,6
"Palisades,",3
Clapham,1
Amir,5
Munda,15
Gillian,8
Barnato,8
Cornel,5
W.,64
"Polish, later stateless",1
Straits,1
Education,1
German-American,4
Malda,1
"Conshohocken,",1
"Haven,",5
"American, Japanese",1
Baryamureeba,11
Grant,15
Neave,9
Grand,6
Thalberg,8
Iowa,22
Cilea,3
Tomson,5
Hepburn,6
Latjuba,7
Indo-Aryan,1
"Middlebury,",1
Piazzolla,5
Overton,10
Sweyn,1
(British,9
Unitarianism,2
Tikkana,6
(New,3
Gudivada,1
Northrop,8
Antanas,2
Haarlem,1
"Lafayette,",1
Chester,4
"Woodstock,",1
Tours,11
Nakibus,6
Singha,8
Benmosche,9
Silva,6
cancer,101
"Habsburg, Ottoman",1
Alves,15
"Point,",4
Sorbonne,1
Pearl,7
1512),1
Riley,5
Greenwell,1
tumour,3
Q2242910,1
"Bath,",2
Laurindo,9
Ejua,10
Schiele,5
Pratyusha,8
David-Weill,7
"Elmira,",2
Zapruder,7
Oblast,4
Pompton,1
Action,1
overdose,4
Hals,6
"Dillon,",2
Dawar,1
Marshall,66
Broyard,8
Spain,6
"Italian, American",1
Causes,1
Gunhild,1
Venice,4
Asthma,2
Sayeedur,6
Nimitz,3
Tejan,17
Wood,15
Dibell,1
Bester,6
Fourah,4
Kratter,6
Blumenstein,6
Berchtesgaden,1
Ilpenstein,1
Nell,5
Plane,2
Lanka,27
Hicks,10
Barcelona,2
Freienwalde,1
Goldie,13
Nesbitt,9
Moulton,6
Curtis,1
Myers,3
Zschokke,3
Hampton,5
Hurtado,2
"Tipton,",1
Michelson,7
Potchefstroom,1
Omar,19
Frelinghuysen,8
(municipality),1
Collard,6
Fortaleza,2
Wettasinghe,6
"George,",3
Chernivtsi,1
Prosper,1
Duchy,10
Margaret,46
Newcastle,1
Timberlake,7
Georges,9
Island,26
Govan,1
"Desert,",1
Fagundes,9
Dunant,6
Leeuwarden,2
"Ketchum,",1
Platte,1
"Nolde,",1
Bloomfield,1
Rasiah,7
chamber,1
Adewale,5
London,184
Ashis,6
"Leonards,",1
Savoy,2
Auckland,1
Gerald,22
Punjab,17
Somalia,2
New,535
Swansea,5
Bihar,4
Wijewardene,8
Kashinath,4
Mel,32
Asedeko,5
Hanlan,9
Artie,1
"Volcano,",1
Lawyer,9
Ferber,5
Oswestry,1
 American,1
Leigh,17
Avars,1
Hokusai,4
Pendembu,1
Underhill,8
Holstein-Gottorp,1
Woolf,1
"Bradley,",1
"Leonora,",1
Topsy,2
Baldev,11
Festus,5
Hooghly,1
Trikonis,1
paganism,1
Ishi,5
Manoff,10
Harold,36
Oudh,1
Custis,12
Ness,1
Sinaia,1
Saijo,8
Go-Uda,1
Bartlett,39
"Maryborough,",1
Buckinghamshire,6
Obama,14
Patrichi,5
Baramulla,1
duchy,1
Canterbury,2
(actor),119
Walker,15
Castle,11
"Alexandria,",1
Dutt,11
Talmadge,9
French-American,1
Society,1
Eddie,21
Ordonez,1
Cushing,3
Ava,11
Alison,14
Blow,6
USA,4
Price,17
"Baldwin,",3
film,3
"Woodville,",1
Sephardic,1
Naushad,5
Tawnia,1
"Fresno,",2
"Hanged,",1
Buencamino,7
Ikeja,1
Longowal,8
Omaha,2
academies,1
Corin,2
Chuadanga,3
Alfredo,6
Austrian ; British,1
Afro-Caribbean,1
Major,4
"Serbs,",2
Ohebshalom,7
Glioblastoma,2
Eilis,5
driver),6
Mary's,3
Mamun,6
Van,2
Jayanta,11
McQuarrie,8
Wayne,17
Japanese-run,1
Canada's,1
Bayonne,4
"Ales,",1
(poet),17
"Fairfield,",1
Glick,8
Veterinary,1
"Yonkers,",1
Toluca,4
Haddock,7
Cowra,1
Sebastian,1
Madhukar,5
Arabs,2
Beaumont,6
Orenburg,1
James's,5
Saddle,2
Soffer,5
Bergen,2
Macroom,1
Ducal,1
Denver,6
Georg,32
titles,1
Igal,6
Kumari,7
Allestree,1
Padua,2
Ellington,4
Kaesong,1
Peroutka,4
Sadek,1
Ibiza,1
Elector,18
Arthur,88
Esophageal,2
"Iga,",1
Amos,39
(model),4
Comburg,1
Clark,31
Clare,9
Clara,8
Keila,1
Bromwich,1
Marquette,1
Sigrid,1
Reform,1
Ravenshaw,2
Netiva,5
Huygens,8
Europe,1
Nagarkar,7
Pieter,15
Cork,2
Fritz,3
Carleton,2
Shu-chen,1
Kennedy,19
Zachary,8
Americas,4
American,655
Roger,17
Bemis,5
Harcourt,1
Haile,8
"Town,",1
der,1
Becquerel,6
Byron,11
del,4
Brianne,1
Romanos,1
Aldo,6
collision,1
Aveley,1
"Hotchkiss,",1
Sanskrit,1
Hearst,10
Bidandi,9
Sandhurst,2
Terceira,1
Raymond,1
Zagreb,1
Yalti,1
Hema,1
Carpenter,16
Hargeisa,1
Stacy,7
Odugbemi,5
Don,34
"Zion,",1
List,1
Doe,1
Admire,1
Nebraska,16
Casimir,14
Kelly,12
Lisa,10
Sophie,2
Johan,8
Ozzie,1
Dow,1
Sophia,9
Stevens,12
Dillon,1
"Meadows,",1
Jamaicans,1
Midnapore,1
Lilius,5
Frisians,4
"Albany,",2
Brackett,1
Beskidzka,1
Danke,1
Forces,2
Roald,1
Trinity,10
24,3
(state),111
Philosophy,2
Nalubega,10
"Gary,",1
Rohe,6
Elijah,6
Livorno,1
Viscount,1
Bar,1
Bay,17
Bad,2
DePaul,2
Bal,10
Taipei,3
Bai,1
Abed,18
"Portland,",8
Lviv,1
Jae-gi,10
Bengaluru,1
Rebati,10
Ewald,7
Calista,1
Jaharis,9
Granville,1
Criminal,1
Aylesbury,1
Flat,2
E.,62
Steers,7
Arion,2
Mira,1
Yahi,1
Flag,1
Mecklenburg-Schwerin,2
Cook,8
Ukraine,5
Northwestern,12
Erickson,1
Girolamo,8
"III,",1
Reznik,4
"Norristown,",1
El,8
Hrithik,5
Rainer,9
Evans,27
Monteith,7
Puritan,1
Haas,10
English-American,1
Indra,8
"Plainfield,",1
Odeleke,5
Claypole,1
Bangali,1
Cyril,6
Morgane,1
Gilbert,13
"Downey,",1
Ughelli,1
Ansfelden,1
Algeria,2
Shepherd's,1
Environmental,1
185,1
Belgium,5
"Calhoun,",1
Yengkhom,9
Justin,9
Nolde,4
Tsai,7
Lamjung,2
"Edgartown,",2
Rene,8
Kayode,11
"Aligarh,",1
Pinki,6
Shahram,8
Maureira,6
Afghan,1
Franklyn,1
"Schenectady,",2
Wyler,1
Djiba,1
Xu,5
Affairs,1
Ahmed,55
"Hole,",1
Galle,2
Jaghatu,2
"Manhattan,",3
Somerset,8
Banzet,7
Henriette,1
"Bayonne,",2
Gancwajch,4
Bernardo,5
Ukrainian,3
Virginia,74
Cudahy,8
Kit,11
Arab,6
"Kawm,",1
Loki,1
Breselenz,1
Kim,13
Arai,7
Leijonhufvud,1
Teller,5
Aram,6
Tarak,6
Hawaii,5
Martina,5
Nakibinge,8
Martino,8
Martini,8
Bourbon-Parma,1
"Side,",1
Cornelis,1
Egypt,23
Brabin,1
Ahmet,1
Port,3
Varela,9
Robinson,16
Latasha,8
Chhattisgarh,1
Erving,11
Actors,4
Hill,5
Birla,30
Tirumala,1
Henderson,1
Kathy,1
"Charlevoix,",1
Swardeston,1
Granger,1
Catford,1
Ivry-sur-Seine,1
Arkenstone,3
Omani,1
Dublin,5
Danyon,3
breast,1
Monaco,1
Janice,1
Sharif,12
Wairegi,7
"Tanga,",1
"Cork,",2
"Jackson,",4
Minneapolis,4
Marion,21
Fujio,7
Nkozi,2
Wright,18
Chaitanya,1
Hillesum,6
Oldsum,2
Ibadan,6
Shafto,5
Terri,1
Cavell,10
Terre,1
Prapanchan,6
Kubeck,10
Richards,5
King,23
Godakumbura,7
Cuza,6
Archibald,14
l'Alma,2
Balogun,10
Nakawunde,6
Tuitjenhorn,1
Mrkalj,10
Dana,4
Babatunde,5
Anders,3
Ypres,1
"Northwood,",1
Dawson,1
Haider,7
Jenner,8
Sidney,27
Pineda,5
Fordingbridge,1
Navahrudak,1
Dallas,12
Lahore,7
Cild,1
McKenna,1
Disney,12
Buff,1
Shaista,6
Kayseri,1
"Evanston,",4
Lanarkshire,2
Spolin,1
Princeton,9
Meghna,1
Sajid,6
"Community,",1
Stockholm,10
"Francisco,",7
Darmstadt,1
"Pendleton,",1
Dina,1
Rachel,14
"Indianapolis,",1
"Ferrol,",1
Niagara,1
Khan,37
Hansson,5
Bhusal,4
Cheney,1
Delahaye,3
Elliott,8
Croisic,1
Ahamed,7
transgender female,1
Thurston,6
"Norfolk,",3
fibrosis,2
Hackney,2
Motor,1
Gosforth,1
Drake,13
Nancy,3
Flight,6
Provisional,1
Pardo,2
Masud,6
Pastrana,8
Stroke,25
Isleworth,1
y,1
Jerusalem,5
Malfatti,4
Chemuturi,6
Qasir,11
baronets,1
Albans,1
Albano,1
Kenyan,11
Samantha,11
Schuhl,1
Christopher,40
cum,1
Harenkarspel,1
Donghai,1
bin,8
"Mobile,",2
Paimo,5
Riemann,6
Tutuola,5
Loewe,3
Bagerhat,1
Betty,37
Stradbroke,2
Malayalam,4
Christian,30
Yonadam,6
Claudius,3
Samoa,1
Fong,6
Cohen,29
Taihoku,1
Harunur,7
Bradley,8
Marwari,5
Kakira,4
(bandit),7
Mbabazi,12
Management,3
Java,4
Gaudiya,1
Laziale,1
Aneta,8
Scifo,2
Jalade,8
Tamils,1
Seoul,2
Ustaritz,1
Greenway,8
Saxony-Anhalt,1
Norbert,10
Chitrali,6
Peritonitis,1
David,211
Magdeburg,10
Elsie,10
Sam-Sumana,13
Davis,35
Bob,58
Zemanek,5
Fujian,1
Ezra,3
Barr,5
Glenn,12
Bary,3
Mushemeza,6
Chula,2
Bara,9
Bard,1
Dorothy,16
"Randolph,",1
Glens,1
Gillespie,3
Young-soo,1
(United,11
Lumet,21
Namirembe,6
Cinematography,1
Speech,1
Mehta,25
Bicky,9
"Stinson,",1
"Regina,",1
Rajmohan,1
Warwickshire,4
Nyanja,1
Aboriginal,5
Baader,3
Cromer,1
Amador,1
Estienne,3
Ned,14
Aragbaye,5
Weizmann,1
Shock,1
Saxe-Lauenburg,1
Ulm,1
Wang,1
Beijing,6
"Dallas,",1
Bennett,8
Akanni,4
Delamere,1
Direito,1
hockey),1
"Revere,",1
Prasad,37
Colgate,1
"Arrington,",1
"Billings,",1
Terminal,1
Westinghouse,6
Linda,20
Mar,1
Mat,8
Manor,1
Luanping,1
Max,9
(socialite),1
Diploma,1
Kass,3
Nes,1
Andrews,12
Medal,1
Mao,10
Cricklewood,1
Cass,5
Kulyuru,5
Kristoffer,1
desert,1
Tunisia,3
Fenicia,1
Scott,29
Asian,4
Cherie,9
"Beverly,",1
Mpigi,1
Harper,1
Golgi,5
Sains,1
Sumatra,3
Spock,6
Saint,9
Islander,1
Angelina,2
"Whitestone,",1
Business,8
Patnaik,5
Walytjatjata,1
Carangi,7
Ernesto,1
internment,1
(biblical,1
Padmaja,1
Armagh,2
Region,2
Chowdhury,12
Hosei,1
Lhota,9
Chaplin,1
Osaka,2
(town),2
"Citadel,",1
Cesar,7
Oglala,1
Griffith,1
Complication,2
Howard,47
Kleinen,1
Sobowale,5
Hajin,4
Norway,1
Bajwa,5
Narayanacharyulu,8
Extremadura,1
Wallis,5
Olivia,3
Q9005,3
European,5
Ratheesan,9
Marty,7
Professor,1
Marti,10
Mathabane,8
Marta,1
Chinese,32
Chattampi,8
Jennifer,18
"Henryville,",1
Poggio,5
Pisa,2
Nick,13
Bermondsey,2
Manila,1
Brazilian,24
Nica,6
Wickramasinghe,8
Kopechne,8
Fu,1
Turpan,1
Congregational,1
Katherine,14
Soisy-Bouy,1
Eastman,1
Astor,5
Karenne,4
Laser,6
Sampson,7
Roodenko,6
Tatars,2
Viveca,1
insufficiency,1
Flanders,1
Nash,7
Khabirat,5
Nakuru,1
Bitton,1
Deneuve,8
F.,25
Yeongcheon,1
d'Auvergne,1
Chislehurst,1
monoxide,1
"Rey,",3
Poldek,9
Kingston,1
Olweny,9
Dayal,7
Yu,5
Cliff,20
Newry,2
Bikrampur,3
Stirling,4
Emery,1
Lesser,1
"Raleigh,",1
Sadar,1
Sadat,10
Dill,1
Casanova,7
Yermak,12
region),1
Tennessee,7
Sierra Leonean,6
Qiru,6
Dunbar,7
Burmese,5
"Brooklyn,",15
Dudley,8
Mirisch,7
Hermann,13
Hooker,7
Nilar,1
Dutta,18
"Sycamore,",1
Director,1
Suburb,1
Bahia,4
Catania,1
Kiwirrkurra,3
Matilda,1
Porto,1
Indianapolis,2
Minyintiri,5
"Ewing,",1
Anantnag,1
Mother,1
Robin,1
Shibram,8
Prison,4
Franciosa,1
(gorilla),2
Newburgh,1
Moroccan,1
O'Day,5
Gary,37
V.B.,1
Mastroianni,1
Goro,1
O'Shane,7
Kiddu,5
Gbenro,9
Khan-Din,7
Labulo,10
Chespirito,6
(West,5
"Brookville,",1
Sarnia,1
"Paharpur,",2
Scotia,1
Go-Daigo,4
Yoma,1
Sussex,14
Dzerzhinskaya,1
Tasmania,5
Avika,4
"Brentwood,",1
Alexis,1
Maseno,1
parish),1
Grade,9
Madrid,3
Interim,1
Hanging,4
"Blackfriars,",1
Oxfordshire,4
Administration,4
"French, American",1
Dimbleby,10
"Ceylon,",1
Anatoliy,2
Indian people,1
"Banes,",1
Ovazza,1
Lippincott,1
Binghamton,1
Lincoln,1
Stevenson,8
Bleecker,5
Mutellip,9
Cannes,1
Burnett,8
Freiburg,2
Pound,4
Jason,9
Najam,6
Malling,1
Born-again,2
Thies,1
Battista,3
Sutherland,2
Kortney,8
"Edwards,",1
Par,10
Pat,21
Stabbing,3
Tanveer,5
Goodman,4
"Argenta,",1
"Tokmak,",2
Pal,6
Postpartum,1
Hamdan,1
"Diego,",1
Thousand,3
Malawi,1
Santa,32
Siberia,1
Sheridan,2
Morley,6
Tran,5
Becker,6
Countess,4
Shosei,4
Burma,5
Soma,6
Karya,10
Fashola,8
disease,38
Salve,1
Donald,11
"Westwood,",3
Tydfil,1
Farrington,1
Joyce,8
Guillotine,1
Bishop,5
Fluvanna,1
Religion,1
Denisof,1
Gibraltarian,1
"Belmont,",1
Tumwine,6
Vanessa,3
"Provo,",1
York,420
Jacob,10
Homer,3
Pollachi,1
Tanzania,4
Bashkortostan,1
arrhythmia,1
Wessex,12
3407,1
Adriano,1
Cookstown,1
Kizito,7
Tunde,10
Lorilee,4
Hillevi,1
Seldes,7
House,11
Tade,5
Eadwig,6
Jerome,5
"Juan,",1
Zoe,1
"Island,",2
national,2
Warwick,6
Kaliprasanna,8
Zoo,1
Yahya,6
Vorarlberg,1
Mellon,2
Scrub,1
Partanna,1
Menaye,11
Hollenbeck,7
Jopadhola,2
Satish,8
Flockhart,1
Kashmir,2
(circulatory),1
Hawley,1
Islands,3
Lordship,1
Mayadhar,9
Bijlani,6
Macintosh,4
Aberbach,4
Krakow,1
Bhattacharjee,1
Chorlton-on-Medlock,1
Design,1
Mafia,2
Dedrick,7
Evron,7
Welsh-American,1
Holiday,3
Temple,1
asphyxia,1
Berlioz,2
Gervasio,4
Rasetti,3
Brooklyn,33
Heyns,6
Cagliari,2
Dundy,1
Center,7
Lynda,1
Trevor,1
Nations,1
Arnsberg,1
Kuala,1
Kogelo,1
Stratton,9
Anglican,6
Shabaev,4
Corteno,1
Buganda,1
General,8
"Orange,",2
Weismann,5
Queens,7
Naberezhnye,1
Trentine,1
Akinyele,1
(cartoonist),6
crash,6
Beach,3
Minuwangoda,1
Bunyoro,1
Fever,2
Yaqui,1
Garden,6
Hunter,2
Accountants,1
"Roslyn,",1
Nishinomiya,1
Udayasankar,4
Marcus,8
Ride,8
Maximilien,3
Airport,2
Htun,5
Oregon),1
Gloria,9
Bashir,4
Claygate,1
"Southbourne,",1
Auschwitz,3
Nonconformist,1
Sichuan,1
Washburn,1
Weimar,5
Regina,1
Fourth,1
"Rhinebeck,",1
"Invercargill,",1
Lutheran,1
(politician),10
"Chinatown,",1
Ramsgate,1
Yup'ik,1
Victoria,19
Heike,7
Amar,12
Castilian,1
Ambaca,1
"Paramount,",1
Muntari,1
Coelho,7
Rashed,7
Officer,1
Vajpeyi,1
Holbein,19
Olanusi,5
Durham,3
Godavari,1
Rajnarayan,7
Gassman,1
Fentanyl,1
Bangdel,7
Unitarian,2
Gerutto,3
Siddharth,8
Mukherjee,9
proper,1
Alex,5
Portuguese Empire,2
Abkhazia,1
Mike,62
Nonis,1
Biddle,9
Wadham,3
Wiltshire,6
Beauvais,1
Baker,6
"Oakland,",5
Dakota),1
"British Indian, then Indian",1
Hashem,5
Lambert,4
Karnataka,5
Bessie,3
Jenette,5
Halmstad,1
Donau,1
Two,8
Kagame,12
Iraqi,1
(mezzo-soprano),1
female,490
Ben-Yehuda,5
Cronkite,10
Mountains,1
Yoon,4
1982,1
Suzy,1
Brudzewski,6
Erne,1
Neocaesarea,1
D.C.),2
O'Donoghue,5
Lydia,1
Chile,4
"Factory,",1
Altenkirchen,1
(female,3
Dey,13
Tyne,2
Der,8
Des,7
"Garston,",1
Dev,27
Douma,8
Hillingdon,1
Del,1
Lebesgue,7
Dee,5
Tatarstan,1
"Wallace,",1
Greeley,10
Walk,1
Paroubek,10
"Petoskey,",1
Rye,2
Surgeons,1
Witold,3
Thrissur,3
Colombian,1
"Cordova,",1
Hamzah,5
Kushner,9
Typhoid,4
Lateef,5
Tumusiime-Mutebile,12
Marco,1
Fatigue,2
Graciliano,5
DeLaney,6
"Chihuahua,",1
Knox,6
Kendra,5
Milton,15
Younger,7
Swami,10
"County,",65
Abenheim,1
Multiracial,2
Susy,8
Rooney,1
Stewart,2
(province),4
"Millbrook,",1
Ronke,6
Noelle,6
South Korean,7
"Pacoima,",2
Coronado,6
accidents,2
Llandyrnog,1
Coluche,5
Olmsted,6
Hamlets,2
Huguenot,2
Balasegaran,8
Burgess,11
Communist,1
Pomona,4
Monufia,2
Ashton-under-Lyne,1
Uhl,1
Ilshat,4
Oka,4
Metastatic,1
"Pasadena,",3
under,2
G.,59
Henri,25
"Seattle,",1
Henry,161
Suniti,11
Steam,1
Drysdale,2
Exeter,1
Lynching,1
school,1
Llull,1
Wren,8
Kurchibaria,1
Adekoya,5
Station,1
Windsor,2
Sacagawea,13
Reisner,6
"Amata,",2
Mbale,1
Palazzo,1
Curitiba,1
Babar,6
"Lewiston,",1
(psychiatrist),7
Leopardi,6
century),1
Lutheranism,1
Dilem,6
"Staunton,",1
Tabriz,1
"Pine,",2
Fokker,9
"Bethpage,",1
"Jakarta,",1
Madi,1
Mugira,5
Utrecht,3
Cayat,7
Ernest,29
Ferrara,2
leader),13
Zo,5
Beatrice,1
Bimbo,5
Elisabeth,3
Syrmia,1
Roopa,8
Cherukad,7
"Augusta,",2
Sofola,7
Holzmann,8
Sampayo,1
Hakim,5
Snook,7
Kercan,5
Bareilly,1
Higginbotham,5
Edirisinghe,6
Allahabad,4
Bulgaria,12
Albanians,3
Rachuonyo,1
Jadin,8
Salako,5
Ceca,1
Fatimah,7
Sreekumari,7
Fernandez,6
Baptiste,1
Crown,4
Muhammad,31
Baptists,1
Tessa,1
Mohan,11
Brahmo,2
"Maria,",1
Shroff,6
Ange,1
Sara,22
Jerry,14
(artist-poet),5
Lori,1
Lord,2
Pattaya,1
Banana,1
Teriipaia,1
"Mexican, American",1
Dell,3
Q4426726,1
Jordan,2
Nasim,6
Miranda,15
III,49
Dhaka,16
Eritrea,2
Boyar,1
Mariam,16
Romesh,11
Chapman,11
Oreck,1
Emanuel,3
Nasarawa,2
Laurene,1
Mutitjulu,2
"II,",2
Verdon,6
Pfefferberg,9
"Shaki,",2
Zinni,6
Franchetti,1
Maxwell,1
Japanese,23
"Oaks,",3
"Feldkirch,",1
Lloyd,38
Healy,6
vapor,1
Irene,24
Veena,13
Hills,5
Gabriele,19
Arlington,2
Minusio,1
Montgomery,21
"Richlands,",1
Urban,10
Dahl,4
Etchingham,5
Herb,1
Kelsey,7
Sandipan,9
Dora,1
Armenian,6
Kunjunni,10
Scaggs,8
"Bernardino,",1
Judaism,20
Kalkadoon,1
Firing,1
Thrombosis,1
"Gabriel,",1
Lubaga,1
Anglo-Indian,1
"Hill,",3
Dwight,6
Durick,7
Anglo-Norman,1
Dizzy,3
Abdeen,1
Foad,4
Harcharan,8
Yewande,5
Elton,5
Duncan,6
Cilicia,1
Kledi,5
Hodge,9
"Vestal,",1
"Bloomington,",3
(real,16
Tahia,1
Riding,3
Adolphus,13
Collamore,1
Chitral,5
"(village),",3
Holy,16
Stylez,5
William,134
Oberlin,1
Sudesh,6
Junior,1
Hurd,10
Cuban,2
Naparstek,19
(people),1
Llanystumdwy,1
Saheed,4
Forsythe,7
Mickey,1
Tigania,1
Vilnius,1
Vir,8
Sanathana,1
Butambala,1
Ascona,1
Herengracht,1
"Afton,",1
 Russian,1
Tjayanka,5
Nielsen,8
Congress,1
Pujari,13
Academy,24
Kara,1
"Eureka,",1
Faisalabad,1
Iesi,1
Lanuvio,1
Narasimham,5
Rebecca,13
"Adel,",1
murder,8
Onnes,7
States),11
Thames,1
Surrey,11
"Baltimore,",4
Baylis,5
Prajnananda,6
Ondo,12
Brixton,1
Anahareo,1
"Tremont,",1
"Meeker,",1
Tejan-Sie,11
Institut,1
(airport),1
Gero,3
"Stockton,",1
Truro,1
1965,1
Czechoslovakia,2
Slaughter,4
Taluq,1
Attoor,5
Jaffna,2
Samira,1
Ogden,1
Denbigh,2
carcinoma,1
Leland,1
Andie,4
Samir,5
Andic,5
Alston,1
flow,1
Bidasoa,1
Samia,2
"Rafael,",1
Swadesh,11
Nargis,6
"Scottsville,",1
Memorial,2
Positional,1
"Mammoth,",1
Mubarak,14
"Echo,",1
Big,2
Yoruba,72
Japan,11
Nihal,9
Bexhill-on-Sea,1
Bix,4
Walauwa,1
"Valley,",3
Kony,5
Olafsdottir,1
Netherlands,22
"Nicolas,",1
Chittagong,1
Chickasaw,1
Deepa,12
Ceribelli,4
Batista,8
Moore,21
Thiaw,6
Numidia,1
Hildegard,5
Conakry,1
Srinivasa,13
Baccio,3
Lorenzo,8
Quiller-Couch,10
Glen,9
Ivyanets,1
Brockley,1
Batticaloa,1
Pee,5
Methodius,4
Ufa,1
Pizarro,9
Costantino,3
"Commerce,",1
Magura,1
"Malibu,",2
Ananya,1
Staffordshire,5
Soldier,2
Fuzhou,1
Jefferson,3
Chandiroor,7
(quarter),1
Lapworth,4
Farquhar,4
Zindell,3
Mallon,9
Napangati,1
Mallos,5
Raisom,7
"Essendon,",1
Kokang,1
Cowper,8
Modjeska,7
Mohamed,7
Kilgarriff,11
Kaye,1
"Medicine,",3
Bechuanaland,2
Sophiya,6
Zakynthos,1
Hazara,1
Southern,9
Adachi,6
Chirayinkeezhu,1
"Dadu,",2
Adams,5
(aid,8
Pennsylvania,77
Alexandru,5
Florinda,1
Javanese,1
Alexandra,2
Secretary,1
Upper,1
Wiesenthal,8
Elia,18
Deputy,1
Galleani,7
Wass,1
Bengalis,6
n,8
Kitamura,1
Domingos,9
Barbados,2
Gross,6
Ellis,23
"Madhubani,",2
Etzion,1
Arid,7
Busu,7
Bush,18
Golam,7
"Honolulu,",1
Schultz,3
Jacqueline,2
Abrams,3
Akhlaq,6
wound,4
Bhati,4
Gabriel,12
Chapel,1
Lebanese,4
Springer,7
Brain,11
Independent,1
Sturgis,1
"Martinez,",1
Oleg,1
Egwuna,1
Bristol,24
Naomi,6
Ashland,1
Longton,1
Gates,1
Leicester,2
Velde,3
"Illinois,",1
Hilton,1
Kowloon,1
Gunnora,1
Sarah,3
Salutati,3
Benon,9
Labrouste,4
Alonzo,5
Benoy,13
Churches,1
Culpeper,1
Archduke,1
Debi,10
Shearer,4
"Neukirchen,",1
Philip,29
Debs,5
Ilesa,4
Sarafian,5
Krishna,26
Irele,1
Jamey,5
James,126
Corone,1
Plautilla,1
Poros,1
Gwere,1
Heart,54
Makubuya,5
Hakka,1
Mushatt,7
Heard,1
Hedda,8
Lyn,1
"Vista,",2
Anneline,1
Trawsfynydd,1
Pius,4
HT,5
Francoise,1
HM,2
HB,3
Josepha,1
Champagne,1
"Saugus,",1
Lupescu,1
Edinburgh,8
Goswami,7
Huppen,2
Cuba,2
Armerina,1
"Grass,",1
Dave,15
Hackett,8
Schuurman,1
Chris,15
Lacey,14
Donoho-Cohen,1
Syracuse,1
Freetown,5
Maximilian,1
"Joseph,",2
Altschul,6
Ickworth,1
Emperor,23
Guzhang,1
Weimer,1
Madison,28
Gaston,7
attacks,2
Renata,4
Belgravia,3
H.,61
Bess,1
Still,1
Odera,7
Kidney,3
Hong,1
Hollings,7
Sindhi,9
Martha,14
Lixiong,1
Ituri,2
Ligurian,1
Koneru,1
Brennan-Jobs,1
Amey,9
Caldwell,1
Aurelius,1
Midlands,2
Amer,7
Rangoon,3
Wipfeld,1
Shorenstein,7
Quandamooka,1
"McKinney,",1
Witwatersrand,1
Odunlade,6
Tallulah,8
Negligence,1
Marianne,6
Dickie,5
 Iraqi,1
Femi,22
Meader,5
Surgery,1
de',9
Loch,1
Vista,1
Granada,3
Hudson,21
Abigail,2
Carson,13
Melissa,1
Locarno,1
Ngalia,1
Mamidipudi,12
"Sunnyside,",1
Eleonore,1
Pentecostalism,1
Josette,7
Greg,3
Costa,2
Nordfriesland,1
"Taylor,",1
football,1
Harman,8
Datta,1
"Bern,",1
Scudamore,1
Autonomous,3
Bagwere,1
Pawnee,1
Clifton,15
Ji-man,1
Kohl,7
Jamshedpur,1
Sunderland,7
Finstock,1
Racah,3
Lakhimpur,1
Emily,1
Dyilo,6
Cecile,5
Cecily,1
Jessica,16
Columbia,23
Dam,6
Hopkinson,5
Daw,1
Purcell,1
Dar,4
Das,24
Connacht,1
"Hanley,",1
Day,1
"Bronfman,",1
Berlinguer,6
Bowdoin,2
"Ames,",1
Hargrave,9
Eleanor,5
"Bodcaw,",1
Quebrangulo,1
Tehsil,1
Azaria,1
Gardone,1
Ha,4
Cabello,5
McCarthy,11
Raja,8
Hereford,2
Novo,1
Nebbi,1
Rosita,6
Lubanga,6
Fushimi,1
group),1
Nova,1
Ren,1
"French, Israeli",1
Jane,17
Red,1
Theatre,3
Uterine,1
Bruce,17
Sheffield,2
Montenegro,6
Federico,3
Iwata,10
Ogungbe,5
"Danville,",1
Abulafia,6
Duel,2
Laye,6
Hopkins,3
Barrister,4
Akatsuka,7
groups,1
Amanda,5
"Freetown,",1
Seer,1
Buryat,1
Varazze,1
Husain,6
Mohanganj,1
Francesco,15
Jagatsinghpur,2
Francesca,1
Maine,12
Amarajeevi,1
Saif,1
Said,5
Justice,1
Catholicism,15
Gaochang,1
1st,25
LaNasa,1
Sanders,9
Redcoat,1
Hungarian,1
Lalit,5
Appel,1
"Redlands,",1
Evi,6
Renato,10
Opera,1
Eva,8
Nkumba,1
Bania,7
Eve,8
"Tekoa,",1
Asher,1
Daolin,1
Indo,2
Mangalore,6
"Athlone,",1
Kibuule,8
Family,1
Kosovo,2
German,33
Iperu,1
Lebanon,4
Amedeo,5
(d.,1
Nagarjuna,14
nursing,1
Min,5
Mia,1
Mie,3
Nikolaos,2
Algarve,2
Edmund,25
Indulkana,1
Garifuna,1
Vidyasagar,1
Dilys,7
Johari,8
Blair,11
Q3511786,1
Natalie,1
"Duxbury,",1
Kadeer,6
4th,18
Mullaitivu,1
Ndave,7
Basque-American,1
Banderas,3
liquid,1
"Venice,",1
Dulbecco,10
"Krishnanagar,",1
Morton,7
"August,",1
Tirana,2
White,66
Ghana,1
Selig,5
Zanesville,1
Ghani,8
Olufemi,5
Abraka,1
Wesley,7
Jobeda,10
Gaspar,3
Arati,9
Augusto,5
"Manistee,",1
Yerby,5
Augusta,3
Rome,20
Roma,9
Kentish,1
"Rock,",6
Hrodna,1
"Ferriday,",2
Walentas,4
"Wycombe,",1
Kenya,20
"Mitrovica,",1
Erukhan,7
"Marie,",1
Petersburg,3
Haslemere,1
Eugenie,9
Benin,1
"Chicago,",14
Lorber,5
Kensit,11
Ganda,25
"Pikeville,",1
Almoravid,1
Kwei-Armah,4
Austrian,12
Severina,1
"Charles,",1
Peshawar,2
Sonali,6
Battery,1
Julian,1
Boca,4
Senegal,1
"Haverford,",1
"John's,",1
Ambani,13
Rehmat,6
Gwynedd,1
California),1
Damilola,9
"FCT,",1
district,27
Aschaffenburg,1
Bernoulli,9
Umuahia,1
Wharton,5
Cervical,1
Data,9
Pickford,1
Pasternak,6
Brendan,7
Jajpur,2
Hispanic,3
Cortez,1
Sadananda,7
Spain),1
Love,12
Colorado,13
Breisgau,1
Sears,5
poisoning,3
Leone),1
and,54
Clint,8
Nisi,5
Toro,2
Shiva,7
Knoyle,1
Shootout,1
Tulu,1
Potsdam,1
Elangbam,7
Khaqan,7
Rocky,1
Fazil,9
Schuller,10
Gothicus,3
Surulere,1
Erdmuthe,1
Korean-American,2
Nauman,5
Gandhi,18
Wyn,8
Audrey,7
Faridpur,1
Czechs,4
"London,",5
Research,3
Colorectal,4
Hinrich,4
"Fairholme,",1
Cornish,2
Fastow,2
Gaetano,3
Mimi,6
Piazza,1
Progressive,1
Lazio,2
Louis,30
Geun-ryoung,1
Gelimer,3
Certified,3
Adalbert,9
Louie,9
Radcliffe,1
Kono,3
Mayur,7
Kong,1
Denise,3
Olusegun,6
Gehry,3
Kapelln,2
"Seiling,",1
Loggia,11
Colonel,9
Mackintosh,7
Durell,7
Barua,7
Satoru,10
Banjara,1
Merlino,6
Ansara,15
"Newton,",1
Kermanshah,1
Pritam,5
Bangalore,11
Kartik,1
Lilian,5
Natural,8
Chomsky,10
U.S.,6
"Hampton,",1
"Brookfield,",1
Bangladesh,19
Monte,1
Thrace,1
"Denham,",1
region,2
Chronic,3
"Greenville,",1
DuSable,1
Occupied,1
Ekeinde,8
Clerihew,3
Shriver,21
Warlimpirrnga,8
Sciences,1
Subhas,15
(general),3
Bux,6
Electric,1
Evangelical-Lutheran,1
immunodeficiency,1
Edsel,6
Knef,5
Bud,1
Maggie,9
"British, Australian",1
Hellenic,1
"Canadian, American",2
"Science,",1
Madame,6
Barbara,30
case,8
Lhasa,2
Mandatory,1
Baruch,2
Panadura,3
filmmaker),7
"Amherst,",4
Zachwatowicz,1
Lauren,9
Ashapoorna,5
"Bank,",1
producer),7
Oak,2
Bugoloobi,3
Haqqi,6
Austro-Hungarian,5
Karamchand,1
Ozick,5
Division,6
Kalashnikov,12
Peretz,8
Indies,8
"Kensington,",1
Rodemeyer,5
sub-region,1
Santee Dakota-American,1
"Boleyn,",2
"Achilles,",7
Goody,9
Kuchaman,1
Rolly,1
driver,1
IV,21
II,29
Barbadian,1
Ahmadu,1
"Meguro,",1
Emilia-Romagna,1
Bledsoe,1
Rahima,6
Lagos,50
Shoreditch,3
Chahine,8
Q2497926,1
Pitjantjatjara,10
Ie,6
Situmorang,8
United,159
Oslo,2
Farabee,18
Woodland,7
Pine,2
Virginia),5
Cornwall,3
Pavia,4
Enfield,4
Teston,1
Belgian,1
Clarinda,4
Cowan,11
Lombard,8
Jobs,10
Biochemist,1
Fa'aoso,7
Ninja,5
(author),12
Antin,1
Enemy,1
Ashpruha,1
Pratyagatma,9
Hoi-chuen,1
Toplis,5
Benford,3
"Hoboken,",1
Handler,9
Kasem,5
Beiderbecke,4
Elmi,4
Hamama,1
Baroja,9
"Heiden,",1
Loring,5
Hacettepe,1
Army,1
West,54
Franchitti,1
Nirupa,1
Master,5
Dermot,7
Birdatta,6
Kolkata,47
International,3
Danish,3
Penkala,7
Ghale,10
Gulag,1
"Swarthmore,",1
Kanna,6
"Hyannis,",1
"Norwalk,",1
Sezer,9
"Hollidaysburg,",1
Rutherford,1
Venetian,1
Oswald,10
Stultz,6
Forsyth,10
Rock,14
Borsellino,1
Korda,7
Tribe,1
ol,3
Tigiria,1
Menen,1
Blanche,8
Amherst,4
Universitat,1
Birendra,7
Pulmonary,3
Rabelo,9
Hinkins,8
Information,1
tribe,2
Ebute,1
Nidhie,1
Abbasi,11
Arkansas,13
Lumpur,1
mental,1
Chatrik,4
Autherine,8
Bowel,2
Jamie,4
Ssendaula,8
Assam,12
Bachelor,9
(film),1
Lloyd-Pack,10
Radziwill,2
Roshanara,7
"Princeton,",1
Horace,14
Tunis,1
Boal,5
Bahawalpur,1
Blackehart,1
Joanna,12
Sabaragamuwa,1
Burundi,1
"Castle,",1
Go-Reizei,3
Ghanshyam,1
Sullavan,10
Pyroclastic,1
Gwilym,3
cinema,2
Concussion,1
Armenians,4
Uday,1
Knightsbridge,2
Chhabria,4
Anil,11
Jess,1
Monoxide,1
Cirrhosis,4
Ankara,2
Daegu,1
Dara,7
Pasay,2
"Callao,",1
"Barnwell,",1
Normale,1
Farnum,1
Rectal,1
Reynaldo,6
Wendover,1
Malnutrition,1
Ekiti,8
Smith-Briggs,7
Geusa,1
Jharkhand,1
Fitzrovia,1
Yugoslavia,2
Cleo,6
Industrialist,1
Clem,5
Chandra,38
Fame,1
Ossetian,1
Brandenburg-Bayreuth,2
embolism,1
"Newburgh,",1
Hendrik,6
Kanyomozi,6
Schnitzler,7
Minor,9
Telfer,7
Vado,1
"Hutchinson,",1
"Davenport,",4
Russian-Jewish,1
Brno,1
Christians,1
Malkova,1
Netrokona,2
Thalawathugoda,1
Kailahun,1
Raeder,3
"Neave,",1
Zapf,7
African-Caribbean,1
"Berkeley,",4
Taplow,1
Joshua,11
"Christian,",8
Rombin,1
Hartlepool,1
Martha's,1
Bonnie,12
Koroma,30
Kathryn,6
(prefecture-level,1
Carla,1
Motorcycle,1
Rackmil,6
Galbraith,10
Carlo,15
Kashan,1
Rancho,3
Ranchi,2
Mukwaya,7
Hilliard,1
Hrach,5
Circle,1
"German, Austrian, American",1
Linfield,1
Louise,10
sub,1
Brigitte,1
Swieten,1
Numan,2
Colter,11
Gachora,6
Russians,2
Short,1
Barbe,1
naturalized Belizean,1
Australians,2
Keche,5
Mohammed,7
"Winthrop,",1
"Hanford,",1
Gerson,6
Russ,9
Adegbola,5
Hamid,7
Ticino,2
Assata,4
Lloyd-George,2
"Watertown,",1
Ojara,9
Congolese,1
"Shippensburg,",1
Mitali,1
Dan,10
McVie,7
Armungia,1
Wenden,1
Rada,3
Pendleton,1
(Pleasant,1
Neiva,1
Dwyfor,2
Providence,1
Ballymena,1
Adebowale,5
Tom,20
Jagannath,7
Nigeria,82
"Beach,",9
Columbus,1
Kirubi,6
Keilson,6
Fauja,6
Ajibefun,5
Liver,10
Hammersmith,6
Erich,23
Erica,6
Wyatt,1
Morocco,1
Gowerton,1
Dyer,16
Aden,1
Saldanha,8
Bicker,1
Morrow,1
Basque,5
Bonita,1
Nalin,6
Nepal,4
Paterson,8
sarcoma,1
Thompson,4
Coleman,5
Caucasian,12
Clermont-Ferrand,1
"Appleton,",1
Parliament,2
Dresden,8
Scottish-English-Armenia,1
Kamalov,10
Kololo,1
"Kolkata,",1
Amiri,8
Tainan,1
constituency),2
Kamba,2
"McArthur,",1
Ronco,1
"Columbus,",5
Moskowitz,6
Kulitja,8
Belgrade,1
Xaver,3
Seal,6
Elaine,1
Armed,2
"Bakersfield,",1
Yukon,1
English Subject,1
"Midnight,",1
Brunswick,10
Ithurralde,7
Kushi,4
Stein,6
sopra,1
Tynan,9
Carnegie,2
Hamburg,6
Bamberg,2
Wadakkancherry,1
Lambrino,1
Rae,1
Jaji,1
Rao,14
Ram,12
Raj,31
Andheri,1
Rai,9
Rav,5
Scottish,9
Raz,4
Ray,42
Larson,8
Lambeth,4
Saints,2
Tripoli,1
Lobar,1
Herms,5
Joseph,55
Mum,7
Sainte,1
Reading,1
(East,2
"Wimbledon,",1
Dorchester,1
"Boston,",3
Puran,16
Samuel,60
health,1
Weybridge,1
Catanzaro,1
Verbania,1
Sriya,8
Hessisch,1
Rhode,8
Kharkiv,2
Hasan,13
Laxalt,5
Rouveen,1
Bloch,1
"Bridgeport,",4
Plot),1
People,3
Science-Po,1
Paso,2
"Lake,",3
Dorian,5
Knotek,1
Igbo,7
Slavoljub,7
Blanc,11
Derry,3
Oklahoma,30
Hugh,11
Parkinson's,8
Rey,6
Khowar,3
"(Portland,",1
Stingray,1
Desclos,5
Hawken,4
Bosse,1
Kamuntu,10
Tanganyika,1
Mitchell,5
Selma,1
Fayette,1
Larry,22
Corazza,1
Modell,5
Shirshendu,7
Gilda,1
Metta,1
Paoli,6
Rollin,8
Raul,8
India),9
Hervey,4
Malik,8
Woodville,9
Yupanqui,1
Hunger,2
Ogoola,7
Wandsworth,2
Evelyn,10
Murshidabad,1
Oliver,26
Staten,2
architect),6
Beaconsfield,1
Perkins,15
Erlangen,2
Germany,22
Stratten,8
Germans,2
Skewen,1
Coventry,1
"Hudson,",1
Amroha,1
"Waverly,",2
Giuseppe,4
"Gersdorf,",1
Zeb,5
Akhil,1
Form,2
Tyszkiewicz,1
Castiglione,1
Switzer,6
Gracie,7
Farida,1
Sarris,8
Koboko,1
Mahmut,8
Forrester,7
Cerebral,8
Pondicherry,2
Mulindwa,6
Sialkot,1
Mahmud,4
neuroendocrine,1
Kirkland,5
"Eugene,",1
"Villarrica,",1
Jo,8
Negambo,1
Ratnagiri,1
Bedford,5
Accident,1
Honolulu,1
Lenin,1
Normand,1
Nakad,4
Institutions,1
Ngaanyatjarra,1
Ibanda,1
"Torrance,",1
Idlib,1
Munange,7
Terleckyj,4
Bluetooth,7
(Sierra,1
J.,69
"Boone,",1
Pirivena,2
Lowy,5
Mangochi,1
city),1
Tove,1
Africa),2
Kisubi,1
Wargrave,1
Shirl,7
Reformed,4
Necdet,1
Waterfield,1
Bridgman,6
Ludhiana,1
Libya,1
Oregon,17
Sitor,8
Singeetam,8
"Neiva,",1
"Troy,",2
Golaghat,2
Vue,1
Hobart,2
Gadzhimurat,10
Phoebe,16
African,24
"Cyrene,",1
Okwuchi,6
Meadow,1
"Wilmington,",1
Echota,1
Priscilla,1
"Flushing,",1
Bo,5
Fabricius,3
Quintana,1
Mian,7
Bangladeshi,16
Raakhee,1
Cobb,16
Frida,1
Ioan,5
Stomach,9
Latter-day,1
Ibrahim,10
Averroes,6
Travancore,2
Busuulwa,9
Potosi,1
Alqosh,1
"French, Spanish, American",1
Zuamut,8
"Tucson,",1
Patiala,2
"Angeles,",31
Everest,1
Donetsk,3
Pintupi,2
Hokkaido,3
Shannon,2
"Watkins,",1
City,191
Italy,23
neurone,1
Kado,4
Benedict,2
O'Mara,6
Edwards,19
Tir,1
Sinatra,1
Tio,6
Joypurhat,2
"Dover-Foxcroft,",1
ethnicity,1
Mutty,6
Nation,4
Frederic,37
East,38
Rahman,15
Aulla,1
Fedderson,1
Zaporizhia,1
Khoshey,1
Vermont,5
Cox,17
Ranch,1
Manzoni,5
Charlottenburg,1
Cod,1
Ingela,4
Carter,23
Miller,45
"Gallipolis,",1
Tung-Yen,10
"Cremorne,",1
Butwal,1
Meher,1
Cemre,1
"Diana,",2
Bernhard,6
Papulankutja,2
Territory,13
Courland,1
Kafeero,9
Kharas,4
Chakori,1
Constantinople,3
Air,5
Louhossoa,1
Seberg,9
Aik,5
Sedgwick,7
Alpes-Maritimes,1
Pakistan,32
Albania,2
Colony,12
Teacher,3
worker),8
Jagiellon,5
Palazzolo,2
(community),1
Aranda,1
Chiyyedu,1
Maviiri,9
D'Audney,6
Worcestershire,2
Kanoria,9
Panmana,1
Tulln,1
Ananda,10
"Englewood,",1
Stepney,1
Funk,8
Karachi,5
Gamgee,16
Barton,7
Cuttack,5
Chetan,5
Command,1
Bartow,1
(North,1
Russia,18
"Austin,",3
Square,3
Ron,13
Roo,1
Jade,9
Rod,6
Roe,1
Alagir,1
Roy,39
Brikho,5
Muralto,1
Nakasero,1
Marylebone,1
Simon,44
Urhobo,4
"Vegas,",1
Brongersma,7
www.sugatabose.com,1
(restaurateur),1
"Cambridge,",4
Otutu,5
Tissa,11
Belarus,1
Nabi,6
Tilak,10
Somendro,5
Mavelikara,1
Anthony,47
(photo,7
Paraguayan,1
Arcangelo,3
Pisharody,5
Respiratory,5
(FAI),1
Malaysian,2
Idah,8
"Cedarburg,",1
Franklin,3
Taha,7
Austin,2
(Sardinia),1
Belo,1
Hintjens,4
Bell,15
Wesleyan,1
Leon,12
Belz,1
Wetherby,1
Kuryinsky,1
Saxony,16
"Collaroy,",1
Pulya,6
Dhar,4
Attack,3
Luise,9
Singh,68
Cumbria,1
Nazir,10
Rajashree,1
Gisu,1
"Plantagenet,",9
Babcock,9
Neuilly-sur-Seine,2
Gottesman,6
Prefecture,7
Laguna,1
Burkhard,3
(1937-1950),1
Newport,4
Metro,1
"Madison,",1
Jegede,10
Recife,1
Bankhead,9
Iranian Kurd,1
Dharma,1
Edna,11
"Newark,",4
Malcolm,14
Armauer,3
Poladi,5
Hoque,5
Brewster,16
Pandey,10
Basel,4
Barton-under-Needwood,1
Tomlinson,8
Senteza,14
Department,1
Glazer,9
Saxe-Eisenach,1
Dodge,6
Jammu,1
Marvin,13
Monagas,1
Tsonga,1
UAE,1
Kirunda,6
Buchach,1
Shaara,5
Rhodes,9
Afeez,4
Totnes,1
Topaz,1
Zabka,4
Poisoning,1
Sims,5
Oliveira,8
Edmonton,1
Krai,3
Middelburg,1
Enoch,10
Kamalika,4
(Spain),1
Elie,8
State,98
Ayefele,4
Maryland,30
Narriman,1
Gushan,1
Sarani,1
KADUNA,1
Aiah,13
Q3300002,1
Randall,6
Pradesh,19
Koreans,4
Kimura,7
Rheticus,5
Seton,1
Batak,1
Kalema,7
"Salvador,",1
Yuk,1
Clay,30
"Harrow,",2
Brayley,4
Mildred,14
Confederation,3
Croatian,1
Universalist,3
Transbaikal,1
"Stamford,",1
(Pilgrim),2
Ismaili,1
Palm,10
Magdalen,2
Palo,1
Crosse,9
Alvarenga,8
Jaume,5
(gymnast),1
"Wiltshire,",1
"Stanford,",2
Robert,131
Yangon,1
"Faro,",1
Chichester,1
&,2
Valdosta,1
"Malolos,",1
Bronchial,1
Pacini,3
Lane,1
Pacino,5
Guo,6
Chuck,11
infection,2
Gus,14
Machen,6
Guy,18
Nellore,6
Onoge,5
Alsace-Lorraine,1
Owsley,5
Donegan,8
Mamoni,7
Taiwanese,1
"Glocester,",1
(1912-1949),2
Kayasth,1
Paget's,1
Northern,23
Kathleen,1
Eddings,7
Kerala,4
Mukhopadhyay,7
Tonino,6
Australian,48
Eratosthenes,3
Williamson,6
syndrome,2
"King,",2
MacDowell,4
Molly,2
Relations,1
Mahmood,7
Mohammad,1
Mora,12
Caballeros,1
Ghose,5
ethnic,1
Ghosh,6
Vickery,9
Wickenheiser,4
(activist),8
Rachman,5
Selassie,8
Marketing,1
Kings,2
Blackfoot,1
Hammer,8
Janakinath,1
Farias,7
"Lawrence,",2
Polish-American,2
Telugu,19
Serbian,1
Aspinwall,5
Jaina,4
Oriental,3
Saikhom,9
Beirut,3
Mitra,24
Kamya-Turwomwe,9
Koning,5
Pangkal,1
Goffredo,3
Cecilia,1
"Ascot,",1
Kamrup,2
Devyani,1
Liberian,1
Solingen,1
Ashley,25
Stapleton,1
Nanubhai,9
Car,2
Belleruth,1
Cao,8
Adam,12
Renfrew,4
Mawr,1
Sundsvall,1
Devonshire,1
Rubens,11
Bucks,2
Razzall,8
Magandaazi,4
Arts,7
Mostofa,7
Hilversum,1
Wendy,7
Baba,6
Babe,11
Babu,10
Awareness,1
Aniston,1
Shrapnel,4
Indonesia,9
Urdu,2
van,20
Rennie,6
Agnes,9
Bhilai,1
Lawrence,9
Charlton,10
Bramham,1
Hyde,2
Belfast,15
Prussian,1
K.,36
Albee,5
Languet,3
(journalist),34
North,47
Centre,6
Governorate,5
Abingdon-on-Thames,1
Ixelles,1
Hawn,7
Palermo,5
Ka,1
Maghreb,1
Meredith,1
Prunella,6
Mogaji,5
"Brookline,",4
"Draft,",1
Nuys,1
Premji,11
Hausa,2
KC,1
"Wisconsin,",1
Lachowski,8
Siri,1
Dannii,4
"Okmulgee,",1
"Alvarado,",1
Vizianagaram,1
Italians,3
Sheena,8
Peter,53
Yinka,4
(photographer),1
Diego,14
Titizian,5
Rohana,6
Davison,8
Hashemi,5
Anton,20
Jodl,2
Sibir,1
Ephraim,17
Yengema,1
Cheryl,7
Gramsci,7
Superiore,1
Ovarian,1
Nadu,7
Ghetto,1
"Holloway,",1
Broseley,1
"Lakeview,",1
Poole,6
Gregory,26
Abraham,31
Cyprian,9
Lindsay,1
"Alto,",1
Kalaureia,1
Gunapala,8
Prague,4
Song,5
Lansky,9
High,10
Poo,6
Eleonora,1
Saskatchewan,9
Baroda,1
Dementia,1
Shoshone,1
Carlyle,1
Buddy,12
Gwynne,7
Girton,1
Coronary,6
Haemorrhage,1
technician,1
Wilkinson,8
Zoroastrianism,2
"Matara,",2
Schloss,1
Aimakhu,5
Bengali,69
Sailabala,1
Takoma,1
Giuliano,6
Lauderdale,2
Uyghur,4
"Clarksdale,",1
Kaimsthorn,4
Egyptians,1
Troyeville,1
Sicilian,3
Kovel,1
Jenny,11
Beata,1
Penns,1
Humboldt,1
Oodgeroo,9
Presidencies,1
Lobel,8
Chu,7
Burnham,6
Non-Denominational,1
Anuruddha,10
Amman,1
Ebola,1
Helmholtz,5
Rekha,5
"Kurya,",1
Kielce,1
speed,1
Whadjuk,1
Gorizia,1
Minnie,11
Oederan,1
Mancini,6
Ramulu,1
Rowlands,1
Pretoria,1
Greater,8
Thessaloniki,1
Darjeeling,2
Gulbenkian,5
Strait,1
Zac,7
Parkinson,7
Cairns,1
Modesto,1
"Huntington,",1
Rolls,6
grounds,1
Timothy,14
Davers,1
(industrialist),16
Kuhlman,6
Earlham,1
Kriel,1
pulmonary,3
Lily,5
provinces,1
Margolin,8
Nahida,4
Ahvaz,1
"Kanye,",1
Sandra,27
(doctor),6
Benson,7
Toronto,14
Kumar,48
Gujjar,1
"Islington,",1
Ababa,1
Islamabad,2
Apostolof,7
Richardson,12
Navigation,1
Force,1
(teacher),6
D'Annunzio,8
Polycythemia,1
Anjana,7
province),2
Horizonte,1
Taiwan,6
Southwark,1
Kabul,1
Hope,12
Rimini,2
Culver,3
"Neville,",3
Radner,1
"State,",47
Lall,6
Pembrokeshire,1
Alma,12
Third,4
Purdue,1
Ranwala,7
"Hatfield,",1
Kashmiris,1
Sirmium,2
Lizette,1
Ansbach,11
Slavko,5
John's,6
Shaon,1
Houston,20
Savonarola,5
Pitka,6
Muir,4
Pierre,16
Thiruvananthapuram,1
Rossi,6
States,109
Junius,2
Croats,2
"Hammamet,",1
Lavelanet,1
Nyakul,1
Elabuga,1
Bonham,1
Cermak,7
Yash,14
Yorkshire,9
Helier,1
Wrather,9
Nicholas,10
R.,19
"Yunyarinyi,",1
Haja,1
Ulpia,1
Macdonald,1
Olateru-Olagbegi,5
June,1
"Encinitas,",1
Thyra,1
Schumacher,2
Vila,7
Marie,20
Stephens,12
Guam,4
John-Roger,8
Nagar,5
Saxe-Gotha,1
Sri Lankan,23
Yat-sen,1
Izhevsk,1
Kosoko,5
Lindemann,6
Sun,11
Guildford,1
"Brunswick,",1
Kahn,7
"Erie,",1
Jonathan,8
Corley,4
Nyang'oma,1
Green,13
Singapore,3
Fabien,2
Shera,1
"Charlottesville,",1
Quipuha,1
Kelantan,1
Westminister,1
Maud,1
American],1
Kendall,1
"Riverdale,",1
Parsi,2
Mostafa,4
Americans,12
"Cockpen,",1
Argentina,3
Choudary,1
Bhubaneswar,2
"Esens,",1
Cornell,7
Juan,9
Chadha,6
"Koduru,",2
Gopal,6
Pashtun,2
Rajashri,6
Bingham,8
"Macon,",1
Caerleon,1
Bale,9
Amy,18
Andhra,13
Execution,3
Laudanum,1
(racing,6
Nyerere,12
Kenji,9
Science,13
(Kenya),1
Detroit,13
Nsambya,1
Sills,11
Bucharest,2
Mustafa,6
"Zanesville,",2
Leiden,4
Ted,11
Tex,5
record,1
Britain,21
Lahor,1
Jenna,6
Al-Hakim,2
Guamanian,1
Naidu,16
Kumudini,1
Site,1
Oyo,14
Vancouver,5
Stockton-on-Tees,1
Landsea,5
Maris,2
Forkbeard,1
Marin,1
"Bandora,",1
rank),1
Sava,10
Maria,34
Eyiwunmi,5
Jean-Paul,14
Herefordshire,1
"Paulet,",13
Murrell,7
Gloucestershire,1
Baltimore,10
Abingdon,1
Mihaljevic,8
Hemingway,14
Pakhtunkhwa,7
"Melbourne,",2
"Bronx,",3
Gilford,16
Carly,1
Groby,1
"Bemidji,",1
Karamojong,1
